stair.thisTrialN,stair.stepSize,stair.intensity,thisRow.t,notes,trial.started,fixation.started,grating.started,key_resp.started,fixation.stopped,grating.stopped,trial.stopped,level,correctAns,stair.response,key_resp.rt,participant,session,date,expName,expVersion,psychopyVersion,frameRate,expStart
0,2,10,0.0346058,,0.0180405,0.0346058,0.5033511,0.5033511,0.5359089,0.8185085,1.6825021,-10,left,1,1.1096035,62203,1,2025-09-04_22h17.59.920,Adaptive Staircase- task 1,,2025.1.1,60.54859448,2025-09-04 22h18.07.414406 +0530
1,2,1,1.7007762,,1.682644,1.7007762,2.1851136,2.1851136,2.2021899,2.4854038,2.9549076,1,right,1,0.7644553,62203,1,2025-09-04_22h17.59.920,Adaptive Staircase- task 1,,2025.1.1,60.54859448,2025-09-04 22h18.07.414406 +0530
2,1,1,2.9696913,,2.9552079,2.9696913,3.4715075,3.4715075,3.4715075,3.7709055,4.6207145,-1,left,0,1.1465524,62203,1,2025-09-04_22h17.59.920,Adaptive Staircase- task 1,,2025.1.1,60.54859448,2025-09-04 22h18.07.414406 +0530
3,1,10,4.6359186,,4.6209676,4.6359186,5.1195774,5.1195774,5.1362736,5.4205967,5.6351761,-10,left,1,0.5002904,62203,1,2025-09-04_22h17.59.920,Adaptive Staircase- task 1,,2025.1.1,60.54859448,2025-09-04 22h18.07.414406 +0530
4,1,10,5.6510354,,5.6353234,5.6510354,6.1340074,6.1340074,6.1511843,6.4376136,6.6057896,-10,left,1,0.4671856,62203,1,2025-09-04_22h17.59.920,Adaptive Staircase- task 1,,2025.1.1,60.54859448,2025-09-04 22h18.07.414406 +0530
5,1,10,6.6199045,,6.6061081,6.6199045,7.1200727,7.1200727,7.1200727,7.4219801,7.5195754,10,right,1,0.3964433,62203,1,2025-09-04_22h17.59.920,Adaptive Staircase- task 1,,2025.1.1,60.54859448,2025-09-04 22h18.07.414406 +0530
6,0.5,1,7.5363199,,7.5199555,7.5363199,8.0196546,8.0196546,8.0365078,8.3347293,8.4350669,1,right,0,0.4102262,62203,1,2025-09-04_22h17.59.920,Adaptive Staircase- task 1,,2025.1.1,60.54859448,2025-09-04 22h18.07.414406 +0530
7,0.5,3.16227766,8.4512349,,8.4353195,8.4512349,8.9367858,8.9367858,8.9539065,9.2368449,9.6707725,3.16227766,right,1,0.7277725,62203,1,2025-09-04_22h17.59.920,Adaptive Staircase- task 1,,2025.1.1,60.54859448,2025-09-04 22h18.07.414406 +0530
8,0.5,3.16227766,9.6863513,,9.6710624,9.6863513,10.1696527,10.1696527,10.1853399,10.469436,10.7006707,3.16227766,right,1,0.5211971,62203,1,2025-09-04_22h17.59.920,Adaptive Staircase- task 1,,2025.1.1,60.54859448,2025-09-04 22h18.07.414406 +0530
9,0.5,3.16227766,10.7181855,,10.7008553,10.7181855,11.202718,11.202718,11.2196858,11.5022876,11.684844,3.16227766,right,1,0.4795867,62203,1,2025-09-04_22h17.59.920,Adaptive Staircase- task 1,,2025.1.1,60.54859448,2025-09-04 22h18.07.414406 +0530
10,0.5,1,11.7014084,,11.6851123,11.7014084,12.1863643,12.1863643,12.2016542,12.4860521,12.8350955,1,right,0,0.6377786,62203,1,2025-09-04_22h17.59.920,Adaptive Staircase- task 1,,2025.1.1,60.54859448,2025-09-04 22h18.07.414406 +0530
11,0.5,3.16227766,12.8521638,,12.8354119,12.8521638,13.3354767,13.3354767,13.3519128,13.6364593,13.7868751,-3.16227766,left,1,0.4459583,62203,1,2025-09-04_22h17.59.920,Adaptive Staircase- task 1,,2025.1.1,60.54859448,2025-09-04 22h18.07.414406 +0530
12,0.5,3.16227766,13.801473,,13.7871764,13.801473,14.2865033,14.2865033,14.3035976,14.5853776,14.7362623,-3.16227766,left,1,0.4346732,62203,1,2025-09-04_22h17.59.920,Adaptive Staircase- task 1,,2025.1.1,60.54859448,2025-09-04 22h18.07.414406 +0530
13,0.5,3.16227766,14.7521657,,14.7365694,14.7521657,15.2353205,15.2353205,15.2531546,15.5344304,15.9683002,3.16227766,right,1,0.727281,62203,1,2025-09-04_22h17.59.920,Adaptive Staircase- task 1,,2025.1.1,60.54859448,2025-09-04 22h18.07.414406 +0530
14,0.5,1,15.9858966,,15.9686398,15.9858966,16.4690369,16.4690369,16.4866317,16.769616,17.2360281,-1,left,1,0.7557668,62203,1,2025-09-04_22h17.59.920,Adaptive Staircase- task 1,,2025.1.1,60.54859448,2025-09-04 22h18.07.414406 +0530
15,0.5,1,17.2521994,,17.2363088,17.2521994,17.7352025,17.7352025,17.7528652,18.0356021,18.6182006,-1,left,1,0.8743747,62203,1,2025-09-04_22h17.59.920,Adaptive Staircase- task 1,,2025.1.1,60.54859448,2025-09-04 22h18.07.414406 +0530
16,0.5,1,18.6340882,,18.6185169,18.6340882,19.118434,19.118434,19.1355442,19.4182655,19.6690765,1,right,1,0.5464391,62203,1,2025-09-04_22h17.59.920,Adaptive Staircase- task 1,,2025.1.1,60.54859448,2025-09-04 22h18.07.414406 +0530
17,0.5,1,19.6858819,,19.669385,19.6858819,20.1685842,20.1685842,20.1861265,20.4853435,20.8191659,1,right,1,0.6354044,62203,1,2025-09-04_22h17.59.920,Adaptive Staircase- task 1,,2025.1.1,60.54859448,2025-09-04 22h18.07.414406 +0530
18,0.5,1,20.8340513,,20.8195081,20.8340513,21.3350238,21.3350238,21.3350238,21.6349198,22.0362903,-1,left,1,0.7006039,62203,1,2025-09-04_22h17.59.920,Adaptive Staircase- task 1,,2025.1.1,60.54859448,2025-09-04 22h18.07.414406 +0530
19,0.5,1,22.0510219,,22.0365467,22.0510219,22.5516511,22.5516511,22.5516511,22.8517119,23.4180174,-1,left,1,0.8586348,62203,1,2025-09-04_22h17.59.920,Adaptive Staircase- task 1,,2025.1.1,60.54859448,2025-09-04 22h18.07.414406 +0530
20,0.5,1,23.4338818,,23.4183157,23.4338818,23.9170763,23.9170763,23.9338309,24.2180997,24.4021505,1,right,1,0.4822124,62203,1,2025-09-04_22h17.59.920,Adaptive Staircase- task 1,,2025.1.1,60.54859448,2025-09-04 22h18.07.414406 +0530
21,0.5,1,24.4174499,,24.4024141,24.4174499,24.9177328,24.9177328,24.9177328,25.2173474,25.7349162,-1,left,1,0.8034349,62203,1,2025-09-04_22h17.59.920,Adaptive Staircase- task 1,,2025.1.1,60.54859448,2025-09-04 22h18.07.414406 +0530
22,0.5,1,25.7506466,,25.7352626,25.7506466,26.2500545,26.2500545,26.2676573,26.5509893,26.7674626,1,right,1,0.5120492,62203,1,2025-09-04_22h17.59.920,Adaptive Staircase- task 1,,2025.1.1,60.54859448,2025-09-04 22h18.07.414406 +0530
23,0.5,1,26.7845652,,26.7677792,26.7845652,27.2677477,27.2677477,27.2845768,27.5676752,28.2856642,-1,left,0,1.0128089,62203,1,2025-09-04_22h17.59.920,Adaptive Staircase- task 1,,2025.1.1,60.54859448,2025-09-04 22h18.07.414406 +0530
24,0.5,3.16227766,28.3002621,,28.2860048,28.3002621,28.799656,28.799656,28.799656,29.0998723,29.1848733,3.16227766,right,0,0.3709192,62203,1,2025-09-04_22h17.59.920,Adaptive Staircase- task 1,,2025.1.1,60.54859448,2025-09-04 22h18.07.414406 +0530
25,0.5,10,29.2000968,,29.1853167,29.2000968,29.6840119,29.6840119,29.700962,29.9840914,30.3691515,10,right,1,0.6839901,62203,1,2025-09-04_22h17.59.920,Adaptive Staircase- task 1,,2025.1.1,60.54859448,2025-09-04 22h18.07.414406 +0530
26,0.5,10,30.3835854,,30.3694156,30.3835854,30.8838,30.8838,30.8838,31.1829173,31.4524105,10,right,1,0.5661216,62203,1,2025-09-04_22h17.59.920,Adaptive Staircase- task 1,,2025.1.1,60.54859448,2025-09-04 22h18.07.414406 +0530
27,0.5,10,31.4667654,,31.452738,31.4667654,31.9670578,31.9670578,31.9670578,32.2669614,32.6496358,-10,left,1,0.6741315,62203,1,2025-09-04_22h17.59.920,Adaptive Staircase- task 1,,2025.1.1,60.54859448,2025-09-04 22h18.07.414406 +0530
28,0.5,3.16227766,32.6663774,,32.6499647,32.6663774,33.150235,33.150235,33.1676163,33.4496244,33.884403,-3.16227766,left,1,0.7201195,62203,1,2025-09-04_22h17.59.920,Adaptive Staircase- task 1,,2025.1.1,60.54859448,2025-09-04 22h18.07.414406 +0530
29,0.5,3.16227766,33.8989784,,33.8847136,33.8989784,34.3991063,34.3991063,34.3991063,34.7143767,34.9337497,3.16227766,right,1,0.5199055,62203,1,2025-09-04_22h17.59.920,Adaptive Staircase- task 1,,2025.1.1,60.54859448,2025-09-04 22h18.07.414406 +0530
30,0.5,3.16227766,34.949466,,34.9340717,34.949466,35.4333589,35.4333589,35.4504847,35.7496089,36.0338958,3.16227766,right,1,0.5861507,62203,1,2025-09-04_22h17.59.920,Adaptive Staircase- task 1,,2025.1.1,60.54859448,2025-09-04 22h18.07.414406 +0530
31,0.5,1,36.0498962,,36.0342449,36.0498962,36.5332198,36.5332198,36.5493939,36.8493499,37.3166944,-1,left,1,0.7706903,62203,1,2025-09-04_22h17.59.920,Adaptive Staircase- task 1,,2025.1.1,60.54859448,2025-09-04 22h18.07.414406 +0530
32,0.5,1,37.3327955,,37.3170765,37.3327955,37.8322843,37.8322843,37.8322843,38.1330079,38.5837621,1,right,1,0.7379146,62203,1,2025-09-04_22h17.59.920,Adaptive Staircase- task 1,,2025.1.1,60.54859448,2025-09-04 22h18.07.414406 +0530
33,0.5,1,38.6005612,,38.5840547,38.6005612,39.0988883,39.0988883,39.1147401,39.3993862,39.6161155,-1,left,1,0.5091316,62203,1,2025-09-04_22h17.59.920,Adaptive Staircase- task 1,,2025.1.1,60.54859448,2025-09-04 22h18.07.414406 +0530
34,0.5,1,39.6324615,,39.6164064,39.6324615,40.116642,40.116642,40.1324305,40.4157554,40.8673134,-1,left,0,0.735263,62203,1,2025-09-04_22h17.59.920,Adaptive Staircase- task 1,,2025.1.1,60.54859448,2025-09-04 22h18.07.414406 +0530
35,0.5,3.16227766,40.8830824,,40.8677199,40.8830824,41.3826336,41.3826336,41.3826336,41.6823625,41.9471693,-3.16227766,left,1,0.5490383,62203,1,2025-09-04_22h17.59.920,Adaptive Staircase- task 1,,2025.1.1,60.54859448,2025-09-04 22h18.07.414406 +0530
36,0.5,3.16227766,41.9628733,,41.9473556,41.9628733,42.4497383,42.4497383,42.4653375,42.7482136,43.2159253,-3.16227766,left,1,0.7569877,62203,1,2025-09-04_22h17.59.920,Adaptive Staircase- task 1,,2025.1.1,60.54859448,2025-09-04 22h18.07.414406 +0530
37,0.5,3.16227766,43.2319654,,43.2162413,43.2319654,43.7155669,43.7155669,43.7324403,44.0156773,44.3830386,3.16227766,right,1,0.6625993,62203,1,2025-09-04_22h17.59.920,Adaptive Staircase- task 1,,2025.1.1,60.54859448,2025-09-04 22h18.07.414406 +0530
38,0.5,1,44.3982984,,44.3834469,44.3982984,44.8990918,44.8990918,44.8990918,45.1995518,46.0320509,-1,left,1,1.1277904,62203,1,2025-09-04_22h17.59.920,Adaptive Staircase- task 1,,2025.1.1,60.54859448,2025-09-04 22h18.07.414406 +0530
39,0.5,1,46.0481955,,46.0323283,46.0481955,46.5318544,46.5318544,46.5486934,46.832103,47.232142,-1,left,1,0.6868244,62203,1,2025-09-04_22h17.59.920,Adaptive Staircase- task 1,,2025.1.1,60.54859448,2025-09-04 22h18.07.414406 +0530
40,0.5,1,47.2482385,,47.2324905,47.2482385,47.7313688,47.7313688,47.7486107,48.0312617,48.3327539,-1,left,1,0.5987509,62203,1,2025-09-04_22h17.59.920,Adaptive Staircase- task 1,,2025.1.1,60.54859448,2025-09-04 22h18.07.414406 +0530
41,0.5,1,48.3467639,,48.3330262,48.3467639,48.8481919,48.8481919,48.8481919,49.1473719,49.4814291,1,right,1,0.6286884,62203,1,2025-09-04_22h17.59.920,Adaptive Staircase- task 1,,2025.1.1,60.54859448,2025-09-04 22h18.07.414406 +0530
42,0.5,1,49.4976563,,49.4817113,49.4976563,49.9812864,49.9812864,49.998278,50.2794505,50.9650893,-1,left,0,0.9774138,62203,1,2025-09-04_22h17.59.920,Adaptive Staircase- task 1,,2025.1.1,60.54859448,2025-09-04 22h18.07.414406 +0530
43,0.5,3.16227766,50.9817024,,50.9654235,50.9817024,51.4805986,51.4805986,51.4805986,51.7807562,52.3145327,-3.16227766,left,1,0.8236043,62203,1,2025-09-04_22h17.59.920,Adaptive Staircase- task 1,,2025.1.1,60.54859448,2025-09-04 22h18.07.414406 +0530
44,0.5,3.16227766,52.3306725,,52.314821,52.3306725,52.8145364,52.8145364,52.8316255,53.1125491,53.3475383,3.16227766,right,1,0.5239939,62203,1,2025-09-04_22h17.59.920,Adaptive Staircase- task 1,,2025.1.1,60.54859448,2025-09-04 22h18.07.414406 +0530
45,0.5,3.16227766,53.3643811,,53.3478623,53.3643811,53.8463056,53.8463056,53.8804076,54.1471896,54.932853,-3.16227766,left,1,1.0849766,62203,1,2025-09-04_22h17.59.920,Adaptive Staircase- task 1,,2025.1.1,60.54859448,2025-09-04 22h18.07.414406 +0530
46,0.5,1,54.946113,,54.9331342,54.946113,55.4469971,55.4469971,55.4469971,55.7475961,56.4979184,-1,left,1,1.0452124,62203,1,2025-09-04_22h17.59.920,Adaptive Staircase- task 1,,2025.1.1,60.54859448,2025-09-04 22h18.07.414406 +0530
47,0.5,1,56.5141937,,56.4981874,56.5141937,56.9976624,56.9976624,57.0135476,57.312743,57.7138932,-1,left,1,0.7049329,62203,1,2025-09-04_22h17.59.920,Adaptive Staircase- task 1,,2025.1.1,60.54859448,2025-09-04 22h18.07.414406 +0530
48,0.5,1,57.7295105,,57.7142486,57.7295105,58.2133545,58.2133545,58.229311,58.513807,59.1305097,-1,left,1,0.9038155,62203,1,2025-09-04_22h17.59.920,Adaptive Staircase- task 1,,2025.1.1,60.54859448,2025-09-04 22h18.07.414406 +0530
49,0.5,1,59.1454361,,59.1308813,59.1454361,59.6296059,59.6296059,59.646618,59.9300868,60.6968424,-1,left,1,1.0544658,62203,1,2025-09-04_22h17.59.920,Adaptive Staircase- task 1,,2025.1.1,60.54859448,2025-09-04 22h18.07.414406 +0530
50,0.5,1,60.7126751,,60.6971351,60.7126751,61.1955268,61.1955268,61.2135403,61.5130075,61.6959302,1,right,1,0.4927797,62203,1,2025-09-04_22h17.59.920,Adaptive Staircase- task 1,,2025.1.1,60.54859448,2025-09-04 22h18.07.414406 +0530
51,0.5,1,61.7132403,,61.6962182,61.7132403,62.1970668,62.1970668,62.2129965,62.4963569,63.0127098,-1,left,1,0.804963,62203,1,2025-09-04_22h17.59.920,Adaptive Staircase- task 1,,2025.1.1,60.54859448,2025-09-04 22h18.07.414406 +0530
52,0.5,1,63.0288511,,63.0130123,63.0288511,63.5123243,63.5123243,63.5292512,63.8124203,64.2130832,-1,left,1,0.6944068,62203,1,2025-09-04_22h17.59.920,Adaptive Staircase- task 1,,2025.1.1,60.54859448,2025-09-04 22h18.07.414406 +0530
53,0.5,1,64.2280202,,64.2133448,64.2280202,64.7297727,64.7297727,64.7297727,65.0301845,65.3307769,1,right,1,0.5898668,62203,1,2025-09-04_22h17.59.920,Adaptive Staircase- task 1,,2025.1.1,60.54859448,2025-09-04 22h18.07.414406 +0530
54,0.5,1,65.3445723,,65.3311419,65.3445723,65.8457619,65.8457619,65.8457619,66.1469553,66.8768525,-1,left,1,1.0284725,62203,1,2025-09-04_22h17.59.920,Adaptive Staircase- task 1,,2025.1.1,60.54859448,2025-09-04 22h18.07.414406 +0530
55,0.5,1,66.8930718,,66.877029,66.8930718,67.3779712,67.3779712,67.3957536,67.6777445,68.0629465,1,right,1,0.6806375,62203,1,2025-09-04_22h17.59.920,Adaptive Staircase- task 1,,2025.1.1,60.54859448,2025-09-04 22h18.07.414406 +0530
56,0.5,1,68.0781628,,68.0632361,68.0781628,68.5621648,68.5621648,68.5786455,68.8632745,69.3462479,1,right,1,0.7788913,62203,1,2025-09-04_22h17.59.920,Adaptive Staircase- task 1,,2025.1.1,60.54859448,2025-09-04 22h18.07.414406 +0530
57,0.5,1,69.361988,,69.3466926,69.361988,69.8599634,69.8599634,69.8775063,70.1629898,70.6115673,-1,left,1,0.7462959,62203,1,2025-09-04_22h17.59.920,Adaptive Staircase- task 1,,2025.1.1,60.54859448,2025-09-04 22h18.07.414406 +0530
58,0.5,1,70.628379,,70.6118394,70.628379,71.1280439,71.1280439,71.1280439,71.4286555,71.8294682,-1,left,1,0.6943791,62203,1,2025-09-04_22h17.59.920,Adaptive Staircase- task 1,,2025.1.1,60.54859448,2025-09-04 22h18.07.414406 +0530
59,0.5,1,71.8452699,,71.8297817,71.8452699,72.3455847,72.3455847,72.3455847,72.6456739,72.9103586,1,right,1,0.5564458,62203,1,2025-09-04_22h17.59.920,Adaptive Staircase- task 1,,2025.1.1,60.54859448,2025-09-04 22h18.07.414406 +0530
60,0.5,1,72.9273844,,72.9106671,72.9273844,73.4119533,73.4119533,73.4282085,73.7096258,74.062176,1,right,1,0.6456002,62203,1,2025-09-04_22h17.59.920,Adaptive Staircase- task 1,,2025.1.1,60.54859448,2025-09-04 22h18.07.414406 +0530
61,0.5,1,74.0783567,,74.0624754,74.0783567,74.5778197,74.5778197,74.5778197,74.8790097,75.1606262,1,right,1,0.5758723,62203,1,2025-09-04_22h17.59.920,Adaptive Staircase- task 1,,2025.1.1,60.54859448,2025-09-04 22h18.07.414406 +0530
62,0.5,1,75.1782032,,75.160913,75.1782032,75.6601122,75.6601122,75.6947118,75.9616472,76.1952797,-1,left,0,0.5208138,62203,1,2025-09-04_22h17.59.920,Adaptive Staircase- task 1,,2025.1.1,60.54859448,2025-09-04 22h18.07.414406 +0530
63,0.5,3.16227766,76.2107466,,76.1956303,76.2107466,76.6952197,76.6952197,76.7121048,77.0113789,77.3288581,-3.16227766,left,1,0.6191355,62203,1,2025-09-04_22h17.59.920,Adaptive Staircase- task 1,,2025.1.1,60.54859448,2025-09-04 22h18.07.414406 +0530
64,0.5,3.16227766,77.3441555,,77.3291562,77.3441555,77.84533,77.84533,77.84533,78.1588283,78.3771861,-3.16227766,left,1,0.5200001,62203,1,2025-09-04_22h17.59.920,Adaptive Staircase- task 1,,2025.1.1,60.54859448,2025-09-04 22h18.07.414406 +0530
65,0.5,3.16227766,78.3929596,,78.3776243,78.3929596,78.877649,78.877649,78.8939611,79.1773565,79.6610323,-3.16227766,left,1,0.7697148,62203,1,2025-09-04_22h17.59.920,Adaptive Staircase- task 1,,2025.1.1,60.54859448,2025-09-04 22h18.07.414406 +0530
66,0.5,1,79.6774358,,79.6614429,79.6774358,80.1611175,80.1611175,80.1771209,80.4608829,80.7779595,-1,left,1,0.6008275,62203,1,2025-09-04_22h17.59.920,Adaptive Staircase- task 1,,2025.1.1,60.54859448,2025-09-04 22h18.07.414406 +0530
67,0.5,1,80.793408,,80.7782652,80.793408,81.2773133,81.2773133,81.2943056,81.5771212,81.9937916,-1,left,0,0.7015006,62203,1,2025-09-04_22h17.59.920,Adaptive Staircase- task 1,,2025.1.1,60.54859448,2025-09-04 22h18.07.414406 +0530
68,0.5,3.16227766,82.0111916,,81.9940951,82.0111916,82.4936498,82.4936498,82.5104774,82.8102869,83.0609922,-3.16227766,left,1,0.5567444,62203,1,2025-09-04_22h17.59.920,Adaptive Staircase- task 1,,2025.1.1,60.54859448,2025-09-04 22h18.07.414406 +0530
69,0.5,3.16227766,83.0764421,,83.0613245,83.0764421,83.5611813,83.5611813,83.5771419,83.8766864,84.0940756,3.16227766,right,1,0.5273674,62203,1,2025-09-04_22h17.59.920,Adaptive Staircase- task 1,,2025.1.1,60.54859448,2025-09-04 22h18.07.414406 +0530
70,0.5,3.16227766,84.1102508,,84.0944341,84.1102508,84.6103128,84.6103128,84.6103128,84.9102789,85.2116972,3.16227766,right,1,0.5981622,62203,1,2025-09-04_22h17.59.920,Adaptive Staircase- task 1,,2025.1.1,60.54859448,2025-09-04 22h18.07.414406 +0530
71,0.5,1,85.2262278,,85.2120274,85.2262278,85.7263498,85.7263498,85.7263498,86.026616,86.9594256,1,right,0,1.2252847,62203,1,2025-09-04_22h17.59.920,Adaptive Staircase- task 1,,2025.1.1,60.54859448,2025-09-04 22h18.07.414406 +0530
72,0.5,3.16227766,86.9755406,,86.9599274,86.9755406,87.458639,87.458639,87.4754264,87.7595421,88.1281273,-3.16227766,left,1,0.6625578,62203,1,2025-09-04_22h17.59.920,Adaptive Staircase- task 1,,2025.1.1,60.54859448,2025-09-04 22h18.07.414406 +0530
73,0.5,3.16227766,88.1425312,,88.1284671,88.1425312,88.6432414,88.6432414,88.6432414,88.9571761,89.1242353,3.16227766,right,1,0.4735478,62203,1,2025-09-04_22h17.59.920,Adaptive Staircase- task 1,,2025.1.1,60.54859448,2025-09-04 22h18.07.414406 +0530
74,0.5,3.16227766,89.1423449,,89.1244503,89.1423449,89.6257376,89.6257376,89.6442309,89.9406863,90.160057,3.16227766,right,1,0.521432,62203,1,2025-09-04_22h17.59.920,Adaptive Staircase- task 1,,2025.1.1,60.54859448,2025-09-04 22h18.07.414406 +0530
75,0.5,1,90.1751579,,90.1604302,90.1751579,90.6752231,90.6752231,90.6752231,90.975784,91.209744,-1,left,0,0.5214749,62203,1,2025-09-04_22h17.59.920,Adaptive Staircase- task 1,,2025.1.1,60.54859448,2025-09-04 22h18.07.414406 +0530
76,0.5,3.16227766,91.2264556,,91.2100661,91.2264556,91.7093774,91.7093774,91.7253385,92.0093994,92.2590734,-3.16227766,left,1,0.5419882,62203,1,2025-09-04_22h17.59.920,Adaptive Staircase- task 1,,2025.1.1,60.54859448,2025-09-04 22h18.07.414406 +0530
77,0.5,3.16227766,92.2755772,,92.2594083,92.2755772,92.7588297,92.7588297,92.7758943,93.059463,93.326706,-3.16227766,left,1,0.5649578,62203,1,2025-09-04_22h17.59.920,Adaptive Staircase- task 1,,2025.1.1,60.54859448,2025-09-04 22h18.07.414406 +0530
78,0.5,3.16227766,93.3418024,,93.3270316,93.3418024,93.8424559,93.8424559,93.8424559,94.1418481,94.5084618,-3.16227766,left,1,0.6588713,62203,1,2025-09-04_22h17.59.920,Adaptive Staircase- task 1,,2025.1.1,60.54859448,2025-09-04 22h18.07.414406 +0530
79,0.5,1,94.5238821,,94.508795,94.5238821,95.0083765,95.0083765,95.0251501,95.3089375,96.241571,-1,left,1,1.2260145,62203,1,2025-09-04_22h17.59.920,Adaptive Staircase- task 1,,2025.1.1,60.54859448,2025-09-04 22h18.07.414406 +0530
80,0.5,1,96.2587505,,96.2418647,96.2587505,96.7417739,96.7417739,96.7579817,97.0420215,97.3451712,1,right,1,0.6015751,62203,1,2025-09-04_22h17.59.920,Adaptive Staircase- task 1,,2025.1.1,60.54859448,2025-09-04 22h18.07.414406 +0530
81,0.5,1,97.3582218,,97.3454373,97.3582218,97.8578645,97.8578645,97.8578645,98.1582476,98.5260025,1,right,1,0.6623287,62203,1,2025-09-04_22h17.59.920,Adaptive Staircase- task 1,,2025.1.1,60.54859448,2025-09-04 22h18.07.414406 +0530
82,0.5,1,98.5405791,,98.5263041,98.5405791,99.0245222,99.0245222,99.0410446,99.324983,99.9435055,-1,left,0,0.9163062,62203,1,2025-09-04_22h17.59.920,Adaptive Staircase- task 1,,2025.1.1,60.54859448,2025-09-04 22h18.07.414406 +0530
83,0.5,3.16227766,99.9580497,,99.9438328,99.9580497,100.4584114,100.4584114,100.4584114,100.7581411,101.0763781,3.16227766,right,1,0.6173809,62203,1,2025-09-04_22h17.59.920,Adaptive Staircase- task 1,,2025.1.1,60.54859448,2025-09-04 22h18.07.414406 +0530
84,0.5,3.16227766,101.0913737,,101.0767132,101.0913737,101.5916544,101.5916544,101.5916544,101.8920164,102.1254392,3.16227766,right,1,0.5201415,62203,1,2025-09-04_22h17.59.920,Adaptive Staircase- task 1,,2025.1.1,60.54859448,2025-09-04 22h18.07.414406 +0530
85,0.5,3.16227766,102.1393046,,102.1258014,102.1393046,102.6417999,102.6417999,102.6417999,102.9572422,103.2597579,-3.16227766,left,1,0.6153095,62203,1,2025-09-04_22h17.59.920,Adaptive Staircase- task 1,,2025.1.1,60.54859448,2025-09-04 22h18.07.414406 +0530
86,0.5,1,103.274129,,103.2601336,103.274129,103.7745947,103.7745947,103.7745947,104.0753381,104.6747982,-1,left,1,0.8852464,62203,1,2025-09-04_22h17.59.920,Adaptive Staircase- task 1,,2025.1.1,60.54859448,2025-09-04 22h18.07.414406 +0530
87,0.5,1,104.6933321,,104.67524,104.6933321,105.1750456,105.1750456,105.2069279,105.4902901,105.6735389,1,right,1,0.4908817,62203,1,2025-09-04_22h17.59.920,Adaptive Staircase- task 1,,2025.1.1,60.54859448,2025-09-04 22h18.07.414406 +0530
88,0.5,1,105.6895552,,105.6739086,105.6895552,106.1742269,106.1742269,106.1905498,106.4737153,106.8581828,-1,left,1,0.6720586,62203,1,2025-09-04_22h17.59.920,Adaptive Staircase- task 1,,2025.1.1,60.54859448,2025-09-04 22h18.07.414406 +0530
89,0.5,1,106.8738244,,106.8584843,106.8738244,107.3740955,107.3740955,107.3740955,107.6737443,107.7233963,1,right,1,0.3417644,62203,1,2025-09-04_22h17.59.920,Adaptive Staircase- task 1,,2025.1.1,60.54859448,2025-09-04 22h18.07.414406 +0530
90,0.5,1,107.7402943,,107.7237165,107.7402943,108.223139,108.223139,108.2395099,108.5234396,109.0586335,1,right,1,0.8349246,62203,1,2025-09-04_22h17.59.920,Adaptive Staircase- task 1,,2025.1.1,60.54859448,2025-09-04 22h18.07.414406 +0530
91,0.5,1,109.07335,,109.0590533,109.07335,109.5734315,109.5734315,109.5734315,109.8734494,110.0588681,1,right,1,0.4824912,62203,1,2025-09-04_22h17.59.920,Adaptive Staircase- task 1,,2025.1.1,60.54859448,2025-09-04 22h18.07.414406 +0530
92,0.5,1,110.0733351,,110.0592133,110.0733351,110.5743903,110.5743903,110.5743903,110.8737799,111.3237808,-1,left,1,0.7445423,62203,1,2025-09-04_22h17.59.920,Adaptive Staircase- task 1,,2025.1.1,60.54859448,2025-09-04 22h18.07.414406 +0530
93,0.5,1,111.3394305,,111.3240856,111.3394305,111.8239102,111.8239102,111.8409855,112.1227781,112.5730978,-1,left,1,0.744956,62203,1,2025-09-04_22h17.59.920,Adaptive Staircase- task 1,,2025.1.1,60.54859448,2025-09-04 22h18.07.414406 +0530
94,0.5,1,112.5899639,,112.5733771,112.5899639,113.0731036,113.0731036,113.0890018,113.3731662,113.8251266,-1,left,1,0.7490854,62203,1,2025-09-04_22h17.59.920,Adaptive Staircase- task 1,,2025.1.1,60.54859448,2025-09-04 22h18.07.414406 +0530
95,0.5,1,113.8399866,,113.8255189,113.8399866,114.3405943,114.3405943,114.3405943,114.6396959,115.2057651,1,right,1,0.8537302,62203,1,2025-09-04_22h17.59.920,Adaptive Staircase- task 1,,2025.1.1,60.54859448,2025-09-04 22h18.07.414406 +0530
96,0.5,1,115.2239907,,115.2060421,115.2239907,115.7065596,115.7065596,115.7224111,116.0061645,116.7718215,-1,left,1,1.0575126,62203,1,2025-09-04_22h17.59.920,Adaptive Staircase- task 1,,2025.1.1,60.54859448,2025-09-04 22h18.07.414406 +0530
97,0.5,1,116.7894326,,116.7721077,116.7894326,117.2728303,117.2728303,117.2906253,117.5728983,118.0227512,-1,left,1,0.7415913,62203,1,2025-09-04_22h17.59.920,Adaptive Staircase- task 1,,2025.1.1,60.54859448,2025-09-04 22h18.07.414406 +0530
98,0.5,1,118.0391569,,118.0231142,118.0391569,118.5224191,118.5224191,118.5388343,118.8217601,119.1699217,1,right,1,0.6369815,62203,1,2025-09-04_22h17.59.920,Adaptive Staircase- task 1,,2025.1.1,60.54859448,2025-09-04 22h18.07.414406 +0530
99,0.5,1,119.1864735,,119.1700498,119.1864735,119.6721471,119.6721471,119.6897248,119.9733197,120.5887803,-1,left,0,0.9074546,62203,1,2025-09-04_22h17.59.920,Adaptive Staircase- task 1,,2025.1.1,60.54859448,2025-09-04 22h18.07.414406 +0530
