thisN,thisTrialN,thisRepN,key_resp.keys,key_resp.corr,key_resp.rt,key_resp.duration,tilt,trials.thisRepN,trials.thisTrialN,trials.thisN,trials.thisIndex,thisRow.t,notes,trial.started,fixation.started,key_resp.started,fixation.stopped,trial.stopped,trials.key_resp.keys,trials.key_resp.corr,trials.key_resp.rt,trials.key_resp.duration,trials.tilt,participant,session,date,expName,expVersion,psychopyVersion,frameRate,expStart,
0,0,0,down,1,1.0313105999999834,None,-5,0,0,0,0,0.022844899999995505,,0.006413099999974747,0.022844899999995505,1.0084748999999533,1.0244557999999984,2.0485580999999797,down,1,1.0313105999999834,None,-5,182779,001,2025-09-11_21h26.47.923,Orientation Discrimination- task 2,,2025.1.1,59.80911323419955,2025-09-11 21h26.51.283120 +0530,
1,0,1,down,0,0.8837285000000179,None,0,1,0,1,0,2.0714646999999786,,2.048888999999974,2.0714646999999786,3.0549051999999506,3.0712572999999566,3.9423370999999747,down,0,0.8837285000000179,None,0,182779,001,2025-09-11_21h26.47.923,Orientation Discrimination- task 2,,2025.1.1,59.80911323419955,2025-09-11 21h26.51.283120 +0530,
2,0,2,up,0,0.8883565000000431,None,-2,2,0,2,0,3.958417499999996,,3.942774899999961,3.958417499999996,4.95777529999998,4.95777529999998,5.858425199999999,up,0,0.8883565000000431,None,-2,182779,001,2025-09-11_21h26.47.923,Orientation Discrimination- task 2,,2025.1.1,59.80911323419955,2025-09-11 21h26.51.283120 +0530,
3,0,3,up,1,1.3953629999999748,None,0,3,0,3,0,5.8727649999999585,,5.858839699999976,5.8727649999999585,6.870952599999953,6.887677199999985,8.271790399999986,up,1,1.3953629999999748,None,0,182779,001,2025-09-11_21h26.47.923,Orientation Discrimination- task 2,,2025.1.1,59.80911323419955,2025-09-11 21h26.51.283120 +0530,
4,0,4,down,1,3.0058487000000014,None,-4,4,0,4,0,8.28916449999997,,8.272052499999972,8.28916449999997,9.272823499999959,9.29006819999995,12.291161199999976,down,1,3.0058487000000014,None,-4,182779,001,2025-09-11_21h26.47.923,Orientation Discrimination- task 2,,2025.1.1,59.80911323419955,2025-09-11 21h26.51.283120 +0530,
5,0,5,down,0,1.0069512000000032,None,0,5,0,5,0,12.306213999999954,,12.291760499999953,12.306213999999954,13.305911399999957,13.305911399999957,14.3230729,down,0,1.0069512000000032,None,0,182779,001,2025-09-11_21h26.47.923,Orientation Discrimination- task 2,,2025.1.1,59.80911323419955,2025-09-11 21h26.51.283120 +0530,
6,0,6,down,0,0.9927776999999764,None,0,6,0,6,0,14.34014499999995,,14.323532,14.34014499999995,15.337634399999956,15.354663200000005,16.338475399999993,down,0,0.9927776999999764,None,0,182779,001,2025-09-11_21h26.47.923,Orientation Discrimination- task 2,,2025.1.1,59.80911323419955,2025-09-11 21h26.51.283120 +0530,
7,0,7,down,1,0.7145583999999872,None,4,7,0,7,0,16.35559189999998,,16.338998299999957,16.35559189999998,17.338454999999954,17.354950499999973,18.055814899999973,down,1,0.7145583999999872,None,4,182779,001,2025-09-11_21h26.47.923,Orientation Discrimination- task 2,,2025.1.1,59.80911323419955,2025-09-11 21h26.51.283120 +0530,
8,0,8,down,1,0.47487080000001924,None,4,8,0,8,0,18.07189139999997,,18.05633869999997,18.07189139999997,19.0693306,19.085663399999987,19.553131199999996,down,1,0.47487080000001924,None,4,182779,001,2025-09-11_21h26.47.923,Orientation Discrimination- task 2,,2025.1.1,59.80911323419955,2025-09-11 21h26.51.283120 +0530,
9,0,9,down,1,0.5491122000000246,None,1,9,0,9,0,19.570795599999997,,19.553426799999954,19.570795599999997,20.55722929999996,20.573520599999995,21.122132299999976,down,1,0.5491122000000246,None,1,182779,001,2025-09-11_21h26.47.923,Orientation Discrimination- task 2,,2025.1.1,59.80911323419955,2025-09-11 21h26.51.283120 +0530,
10,0,10,up,1,0.8595925000000193,None,0,10,0,10,0,21.137231799999995,,21.122397399999954,21.137231799999995,22.13629659999998,22.15232549999996,23.00517389999999,up,1,0.8595925000000193,None,0,182779,001,2025-09-11_21h26.47.923,Orientation Discrimination- task 2,,2025.1.1,59.80911323419955,2025-09-11 21h26.51.283120 +0530,
11,0,11,down,1,0.8954105000000254,None,-2,11,0,11,0,23.02202729999999,,23.005683399999953,23.02202729999999,24.018690300000003,24.035352199999977,24.92153179999997,down,1,0.8954105000000254,None,-2,182779,001,2025-09-11_21h26.47.923,Orientation Discrimination- task 2,,2025.1.1,59.80911323419955,2025-09-11 21h26.51.283120 +0530,
12,0,12,up,1,0.7597370999999953,None,0,12,0,12,0,24.938524099999995,,24.921899999999994,24.938524099999995,25.93552509999995,25.952602799999966,26.702462199999957,up,1,0.7597370999999953,None,0,182779,001,2025-09-11_21h26.47.923,Orientation Discrimination- task 2,,2025.1.1,59.80911323419955,2025-09-11 21h26.51.283120 +0530,
13,0,13,up,1,0.6138853999999583,None,0,13,0,13,0,26.719272899999964,,26.702785199999994,26.719272899999964,27.70151489999995,27.734770699999956,28.319925499999954,up,1,0.6138853999999583,None,0,182779,001,2025-09-11_21h26.47.923,Orientation Discrimination- task 2,,2025.1.1,59.80911323419955,2025-09-11 21h26.51.283120 +0530,
14,0,14,up,0,0.569634399999984,None,1,14,0,14,0,28.334790499999997,,28.32014079999999,28.334790499999997,29.321275799999967,29.338308799999993,29.90372979999995,up,0,0.569634399999984,None,1,182779,001,2025-09-11_21h26.47.923,Orientation Discrimination- task 2,,2025.1.1,59.80911323419955,2025-09-11 21h26.51.283120 +0530,
15,0,15,down,1,0.6157173000000284,None,4,15,0,15,0,29.91918959999998,,29.90426739999998,29.91918959999998,30.901428199999998,30.934612799999968,31.518437399999982,down,1,0.6157173000000284,None,4,182779,001,2025-09-11_21h26.47.923,Orientation Discrimination- task 2,,2025.1.1,59.80911323419955,2025-09-11 21h26.51.283120 +0530,
16,0,16,down,1,0.7854063000000338,None,3,16,0,16,0,31.535021400000005,,31.51876139999996,31.535021400000005,32.517752299999984,32.53473839999998,33.318781899999976,down,1,0.7854063000000338,None,3,182779,001,2025-09-11_21h26.47.923,Orientation Discrimination- task 2,,2025.1.1,59.80911323419955,2025-09-11 21h26.51.283120 +0530,
17,0,17,down,1,1.125935400000003,None,3,17,0,17,0,33.33444599999996,,33.319031499999994,33.33444599999996,34.334663999999975,34.334663999999975,35.46963519999997,down,1,1.125935400000003,None,3,182779,001,2025-09-11_21h26.47.923,Orientation Discrimination- task 2,,2025.1.1,59.80911323419955,2025-09-11 21h26.51.283120 +0530,
18,0,18,down,0,1.1182235999999648,None,0,18,0,18,0,35.48592389999999,,35.46987939999997,35.48592389999999,36.46919279999997,36.48690949999997,37.60457029999998,down,0,1.1182235999999648,None,0,182779,001,2025-09-11_21h26.47.923,Orientation Discrimination- task 2,,2025.1.1,59.80911323419955,2025-09-11 21h26.51.283120 +0530,
19,0,19,down,1,0.81598919999999,None,-4,19,0,19,0,37.62076449999995,,37.60510719999996,37.62076449999995,38.60352499999999,38.61995519999999,39.423043699999994,down,1,0.81598919999999,None,-4,182779,001,2025-09-11_21h26.47.923,Orientation Discrimination- task 2,,2025.1.1,59.80911323419955,2025-09-11 21h26.51.283120 +0530,
20,0,20,down,1,0.7948567000000253,None,-3,20,0,20,0,39.43649579999999,,39.42351159999998,39.43649579999999,40.43581869999997,40.43581869999997,41.23717349999998,down,1,0.7948567000000253,None,-3,182779,001,2025-09-11_21h26.47.923,Orientation Discrimination- task 2,,2025.1.1,59.80911323419955,2025-09-11 21h26.51.283120 +0530,
21,0,21,up,1,0.7358072000000107,None,0,21,0,21,0,41.25309669999996,,41.2377017,41.25309669999996,42.25309499999997,42.25309499999997,43.00439239999997,up,1,0.7358072000000107,None,0,182779,001,2025-09-11_21h26.47.923,Orientation Discrimination- task 2,,2025.1.1,59.80911323419955,2025-09-11 21h26.51.283120 +0530,
22,0,22,up,1,0.7719045999999707,None,0,22,0,22,0,43.01911309999997,,43.004879200000005,43.01911309999997,44.019184800000005,44.019184800000005,44.8010304,up,1,0.7719045999999707,None,0,182779,001,2025-09-11_21h26.47.923,Orientation Discrimination- task 2,,2025.1.1,59.80911323419955,2025-09-11 21h26.51.283120 +0530,
23,0,23,up,1,0.7064942999999744,None,0,23,0,23,0,44.81646589999997,,44.801208299999985,44.81646589999997,45.80104699999998,45.817538499999955,46.518656299999975,up,1,0.7064942999999744,None,0,182779,001,2025-09-11_21h26.47.923,Orientation Discrimination- task 2,,2025.1.1,59.80911323419955,2025-09-11 21h26.51.283120 +0530,
24,0,24,up,1,1.3426926000000208,None,0,24,0,24,0,46.53583309999999,,46.5190427,46.53583309999999,47.51937879999997,47.53567749999996,48.86650039999995,up,1,1.3426926000000208,None,0,182779,001,2025-09-11_21h26.47.923,Orientation Discrimination- task 2,,2025.1.1,59.80911323419955,2025-09-11 21h26.51.283120 +0530,
25,0,25,down,0,5.384523999999999,None,0,25,0,25,0,48.88240769999999,,48.8666705,48.88240769999999,49.8825013,49.8825013,55.282170699999995,down,0,5.384523999999999,None,0,182779,001,2025-09-11_21h26.47.923,Orientation Discrimination- task 2,,2025.1.1,59.80911323419955,2025-09-11 21h26.51.283120 +0530,
26,0,26,down,0,0.7775070999999798,None,0,26,0,26,0,55.29830369999996,,55.282458099999985,55.29830369999996,56.2813276,56.298723499999994,57.06724879999996,down,0,0.7775070999999798,None,0,182779,001,2025-09-11_21h26.47.923,Orientation Discrimination- task 2,,2025.1.1,59.80911323419955,2025-09-11 21h26.51.283120 +0530,
27,0,27,up,1,1.749634100000037,None,0,27,0,27,0,57.0829109,,57.06761739999996,57.0829109,58.08252759999999,58.08252759999999,59.83298689999998,up,1,1.749634100000037,None,0,182779,001,2025-09-11_21h26.47.923,Orientation Discrimination- task 2,,2025.1.1,59.80911323419955,2025-09-11 21h26.51.283120 +0530,
28,0,28,up,1,35.39027539999995,None,0,28,0,28,0,59.84772459999999,,59.83339699999999,59.84772459999999,60.83277879999997,60.84922469999998,96.22679919999996,up,1,35.39027539999995,None,0,182779,001,2025-09-11_21h26.47.923,Orientation Discrimination- task 2,,2025.1.1,59.80911323419955,2025-09-11 21h26.51.283120 +0530,
29,0,29,down,1,1.0361324000000423,None,2,29,0,29,0,96.24356509999996,,96.2270795,96.24356509999996,97.22587089999996,97.25937119999998,98.27729159999996,down,1,1.0361324000000423,None,2,182779,001,2025-09-11_21h26.47.923,Orientation Discrimination- task 2,,2025.1.1,59.80911323419955,2025-09-11 21h26.51.283120 +0530,
30,0,30,up,1,0.5351390999999808,None,0,30,0,30,0,98.29310079999999,,98.27751439999997,98.29310079999999,99.29226839999995,99.29226839999995,99.84382829999998,up,1,0.5351390999999808,None,0,182779,001,2025-09-11_21h26.47.923,Orientation Discrimination- task 2,,2025.1.1,59.80911323419955,2025-09-11 21h26.51.283120 +0530,
31,0,31,down,1,1.531306700000016,None,-3,31,0,31,0,99.85922849999997,,99.84409719999996,99.85922849999997,100.8589953,100.8589953,102.39235939999998,down,1,1.531306700000016,None,-3,182779,001,2025-09-11_21h26.47.923,Orientation Discrimination- task 2,,2025.1.1,59.80911323419955,2025-09-11 21h26.51.283120 +0530,
32,0,32,down,1,0.842779500000006,None,-3,32,0,32,0,102.40883709999997,,102.39266949999995,102.40883709999997,103.39171969999995,103.4081425,104.24197569999995,down,1,0.842779500000006,None,-3,182779,001,2025-09-11_21h26.47.923,Orientation Discrimination- task 2,,2025.1.1,59.80911323419955,2025-09-11 21h26.51.283120 +0530,
33,0,33,down,1,0.7262258999999744,None,2,33,0,33,0,104.25802069999997,,104.2421991,104.25802069999997,105.24167969999996,105.25845849999996,105.97613139999999,down,1,0.7262258999999744,None,2,182779,001,2025-09-11_21h26.47.923,Orientation Discrimination- task 2,,2025.1.1,59.80911323419955,2025-09-11 21h26.51.283120 +0530,
34,0,34,up,0,0.7414103000000409,None,-2,34,0,34,0,105.99197809999998,,105.97635009999999,105.99197809999998,106.99262489999995,106.99262489999995,107.74169059999997,up,0,0.7414103000000409,None,-2,182779,001,2025-09-11_21h26.47.923,Orientation Discrimination- task 2,,2025.1.1,59.80911323419955,2025-09-11 21h26.51.283120 +0530,
35,0,35,down,1,0.9446961000000442,None,4,35,0,35,0,107.7596724,,107.74204999999995,107.7596724,108.74455599999999,108.76065949999997,109.69367439999996,down,1,0.9446961000000442,None,4,182779,001,2025-09-11_21h26.47.923,Orientation Discrimination- task 2,,2025.1.1,59.80911323419955,2025-09-11 21h26.51.283120 +0530,
36,0,36,up,0,0.7561815000000252,None,1,36,0,36,0,109.70897059999999,,109.694028,109.70897059999999,110.69490819999999,110.70987479999997,111.46043499999996,up,0,0.7561815000000252,None,1,182779,001,2025-09-11_21h26.47.923,Orientation Discrimination- task 2,,2025.1.1,59.80911323419955,2025-09-11 21h26.51.283120 +0530,
37,0,37,down,1,0.7347402999999986,None,-3,37,0,37,0,111.47686019999998,,111.46090039999996,111.47686019999998,112.46084689999998,112.4771379,113.20809059999999,down,1,0.7347402999999986,None,-3,182779,001,2025-09-11_21h26.47.923,Orientation Discrimination- task 2,,2025.1.1,59.80911323419955,2025-09-11 21h26.51.283120 +0530,
38,0,38,down,1,0.8738828000000467,None,3,38,0,38,0,113.2243694,,113.20836529999997,113.2243694,114.20840319999996,114.22493889999993,115.09345149999996,down,1,0.8738828000000467,None,3,182779,001,2025-09-11_21h26.47.923,Orientation Discrimination- task 2,,2025.1.1,59.80911323419955,2025-09-11 21h26.51.283120 +0530,
39,0,39,up,1,0.7188800000000128,None,0,39,0,39,0,115.10996219999998,,115.09379759999996,115.10996219999998,116.09380400000003,116.11052319999993,116.82766509999993,up,1,0.7188800000000128,None,0,182779,001,2025-09-11_21h26.47.923,Orientation Discrimination- task 2,,2025.1.1,59.80911323419955,2025-09-11 21h26.51.283120 +0530,
40,0,40,up,1,0.7971333000000413,None,0,40,0,40,0,116.84274979999992,,116.82812759999996,116.84274979999992,117.84197749999993,117.84197749999993,118.64415200000002,up,1,0.7971333000000413,None,0,182779,001,2025-09-11_21h26.47.923,Orientation Discrimination- task 2,,2025.1.1,59.80911323419955,2025-09-11 21h26.51.283120 +0530,
41,0,41,up,1,0.6200439000000415,None,0,41,0,41,0,118.65842389999995,,118.64480959999997,118.65842389999995,119.65975539999994,119.65975539999994,120.29431670000002,up,1,0.6200439000000415,None,0,182779,001,2025-09-11_21h26.47.923,Orientation Discrimination- task 2,,2025.1.1,59.80911323419955,2025-09-11 21h26.51.283120 +0530,
42,0,42,down,1,0.8618680000000722,None,-4,42,0,42,0,120.30928369999998,,120.29486019999996,120.30928369999998,121.3085289,121.3085289,122.17345489999997,down,1,0.8618680000000722,None,-4,182779,001,2025-09-11_21h26.47.923,Orientation Discrimination- task 2,,2025.1.1,59.80911323419955,2025-09-11 21h26.51.283120 +0530,
43,0,43,up,0,0.8404832999999599,None,1,43,0,43,0,122.18973620000003,,122.17394799999994,122.18973620000003,123.17379290000002,123.18986230000002,124.02441289999996,up,0,0.8404832999999599,None,1,182779,001,2025-09-11_21h26.47.923,Orientation Discrimination- task 2,,2025.1.1,59.80911323419955,2025-09-11 21h26.51.283120 +0530,
44,0,44,down,1,1.1543202999999949,None,3,44,0,44,0,124.04253,,124.0249167,124.04253,125.03881540000003,125.05688170000002,126.21035349999994,down,1,1.1543202999999949,None,3,182779,001,2025-09-11_21h26.47.923,Orientation Discrimination- task 2,,2025.1.1,59.80911323419955,2025-09-11 21h26.51.283120 +0530,
45,0,45,up,1,0.6770296000000826,None,0,45,0,45,0,126.22374539999993,,126.21101299999992,126.22374539999993,127.22538219999996,127.22538219999996,127.90640289999993,up,1,0.6770296000000826,None,0,182779,001,2025-09-11_21h26.47.923,Orientation Discrimination- task 2,,2025.1.1,59.80911323419955,2025-09-11 21h26.51.283120 +0530,
46,0,46,up,1,0.6385166000000027,None,0,46,0,46,0,127.9222772,,127.90666379999999,127.9222772,128.90677079999995,128.9262653,129.55834320000002,up,1,0.6385166000000027,None,0,182779,001,2025-09-11_21h26.47.923,Orientation Discrimination- task 2,,2025.1.1,59.80911323419955,2025-09-11 21h26.51.283120 +0530,
47,0,47,down,1,0.6869911999999658,None,-3,47,0,47,0,129.5745837,,129.55897809999993,129.5745837,130.55836240000002,130.57390289999995,131.25609430000003,down,1,0.6869911999999658,None,-3,182779,001,2025-09-11_21h26.47.923,Orientation Discrimination- task 2,,2025.1.1,59.80911323419955,2025-09-11 21h26.51.283120 +0530,
48,0,48,down,1,0.9427164999999604,None,4,48,0,48,0,131.27217460000003,,131.25645989999992,131.27217460000003,132.25677589999992,132.27254119999992,133.2070111,down,1,0.9427164999999604,None,4,182779,001,2025-09-11_21h26.47.923,Orientation Discrimination- task 2,,2025.1.1,59.80911323419955,2025-09-11 21h26.51.283120 +0530,
49,0,49,down,1,0.7708336999999119,None,-4,49,0,49,0,133.22125509999995,,133.2075478,133.22125509999995,134.22152479999994,134.22152479999994,135.00504410000002,down,1,0.7708336999999119,None,-4,182779,001,2025-09-11_21h26.47.923,Orientation Discrimination- task 2,,2025.1.1,59.80911323419955,2025-09-11 21h26.51.283120 +0530,
50,0,50,down,1,0.8347668999999769,None,-2,50,0,50,0,135.02347919999994,,135.0052827,135.02347919999994,136.00520949999992,136.03764310000003,136.84222010000002,down,1,0.8347668999999769,None,-2,182779,001,2025-09-11_21h26.47.923,Orientation Discrimination- task 2,,2025.1.1,59.80911323419955,2025-09-11 21h26.51.283120 +0530,
51,0,51,down,1,1.0242954999999938,None,-2,51,0,51,0,136.85614200000003,,136.84271769999992,136.85614200000003,137.85518380000002,137.87183569999996,138.89040719999997,down,1,1.0242954999999938,None,-2,182779,001,2025-09-11_21h26.47.923,Orientation Discrimination- task 2,,2025.1.1,59.80911323419955,2025-09-11 21h26.51.283120 +0530,
52,0,52,up,1,0.8753147000001036,None,0,52,0,52,0,138.90699039999998,,138.89088539999995,138.90699039999998,139.90412139999995,139.92128080000003,140.78812699999997,up,1,0.8753147000001036,None,0,182779,001,2025-09-11_21h26.47.923,Orientation Discrimination- task 2,,2025.1.1,59.80911323419955,2025-09-11 21h26.51.283120 +0530,
53,0,53,up,1,0.6198835000000145,None,0,53,0,53,0,140.80351109999998,,140.78834839999996,140.80351109999998,141.7890944,141.8067494,142.42341129999994,up,1,0.6198835000000145,None,0,182779,001,2025-09-11_21h26.47.923,Orientation Discrimination- task 2,,2025.1.1,59.80911323419955,2025-09-11 21h26.51.283120 +0530,
54,0,54,down,0,32.52033190000009,None,0,54,0,54,0,142.43847369999997,,142.4239247,142.43847369999997,143.42170040000002,143.43895029999993,175.95218629999994,down,0,32.52033190000009,None,0,182779,001,2025-09-11_21h26.47.923,Orientation Discrimination- task 2,,2025.1.1,59.80911323419955,2025-09-11 21h26.51.283120 +0530,
55,0,55,up,1,0.7253822000000127,None,0,55,0,55,0,175.96874359999998,,175.95275509999993,175.96874359999998,176.96629809999996,176.98364750000002,177.70058620000003,up,1,0.7253822000000127,None,0,182779,001,2025-09-11_21h26.47.923,Orientation Discrimination- task 2,,2025.1.1,59.80911323419955,2025-09-11 21h26.51.283120 +0530,
56,0,56,up,0,0.4490695000000642,None,3,56,0,56,0,177.71738909999993,,177.7012378,177.71738909999993,178.70124629999992,178.71852889999997,179.154158,up,0,0.4490695000000642,None,3,182779,001,2025-09-11_21h26.47.923,Orientation Discrimination- task 2,,2025.1.1,59.80911323419955,2025-09-11 21h26.51.283120 +0530,
57,0,57,up,1,0.6439002000000755,None,0,57,0,57,0,179.16789290000003,,179.1549822,179.16789290000003,180.16513300000003,180.18183129999994,180.81574529999995,up,1,0.6439002000000755,None,0,182779,001,2025-09-11_21h26.47.923,Orientation Discrimination- task 2,,2025.1.1,59.80911323419955,2025-09-11 21h26.51.283120 +0530,
58,0,58,down,1,0.6105860999999777,None,-2,58,0,58,0,180.83203329999998,,180.8161081,180.83203329999998,181.81843150000003,181.83422179999997,182.43511640000003,down,1,0.6105860999999777,None,-2,182779,001,2025-09-11_21h26.47.923,Orientation Discrimination- task 2,,2025.1.1,59.80911323419955,2025-09-11 21h26.51.283120 +0530,
59,0,59,down,1,0.8027543999999125,None,1,59,0,59,0,182.45108599999998,,182.43579870000002,182.45108599999998,183.45002370000003,183.45002370000003,184.26762949999994,down,1,0.8027543999999125,None,1,182779,001,2025-09-11_21h26.47.923,Orientation Discrimination- task 2,,2025.1.1,59.80911323419955,2025-09-11 21h26.51.283120 +0530,
60,0,60,up,1,0.5847344000000021,None,0,60,0,60,0,184.285781,,184.26823180000002,184.285781,185.28312339999997,185.30097589999997,185.88520679999993,up,1,0.5847344000000021,None,0,182779,001,2025-09-11_21h26.47.923,Orientation Discrimination- task 2,,2025.1.1,59.80911323419955,2025-09-11 21h26.51.283120 +0530,
61,0,61,up,1,0.7101698999999826,None,0,61,0,61,0,185.90032149999996,,185.885644,185.90032149999996,186.88426320000002,186.90152289999997,187.59798940000002,up,1,0.7101698999999826,None,0,182779,001,2025-09-11_21h26.47.923,Orientation Discrimination- task 2,,2025.1.1,59.80911323419955,2025-09-11 21h26.51.283120 +0530,
62,0,62,up,1,0.612841200000048,None,0,62,0,62,0,187.6149261,,187.59825239999992,187.6149261,188.59822619999994,188.61550929999993,189.214897,up,1,0.612841200000048,None,0,182779,001,2025-09-11_21h26.47.923,Orientation Discrimination- task 2,,2025.1.1,59.80911323419955,2025-09-11 21h26.51.283120 +0530,
63,0,63,up,1,0.6328373999999712,None,0,63,0,63,0,189.23153710000003,,189.2153017,189.23153710000003,190.21693850000003,190.23403879999995,190.8658509,up,1,0.6328373999999712,None,0,182779,001,2025-09-11_21h26.47.923,Orientation Discrimination- task 2,,2025.1.1,59.80911323419955,2025-09-11 21h26.51.283120 +0530,
64,0,64,up,1,0.8532801000000063,None,0,64,0,64,0,190.88160999999997,,190.86609459999994,190.88160999999997,191.88094589999997,191.89746459999998,192.7477879,up,1,0.8532801000000063,None,0,182779,001,2025-09-11_21h26.47.923,Orientation Discrimination- task 2,,2025.1.1,59.80911323419955,2025-09-11 21h26.51.283120 +0530,
65,0,65,down,1,0.6710537999999815,None,-5,65,0,65,0,192.76399199999997,,192.7481353,192.76399199999997,193.76360629999994,193.76360629999994,194.44681069999996,down,1,0.6710537999999815,None,-5,182779,001,2025-09-11_21h26.47.923,Orientation Discrimination- task 2,,2025.1.1,59.80911323419955,2025-09-11 21h26.51.283120 +0530,
66,0,66,down,1,0.8342803000000458,None,-4,66,0,66,0,194.46406769999993,,194.44703090000002,194.46406769999993,195.44785310000003,195.46376709999998,196.2975194,down,1,0.8342803000000458,None,-4,182779,001,2025-09-11_21h26.47.923,Orientation Discrimination- task 2,,2025.1.1,59.80911323419955,2025-09-11 21h26.51.283120 +0530,
67,0,67,down,0,0.9550110000000132,None,0,67,0,67,0,196.31393179999992,,196.29774709999998,196.31393179999992,197.29805140000002,197.31321989999998,198.26704139999998,down,0,0.9550110000000132,None,0,182779,001,2025-09-11_21h26.47.923,Orientation Discrimination- task 2,,2025.1.1,59.80911323419955,2025-09-11 21h26.51.283120 +0530,
68,0,68,down,0,0.785402700000077,None,0,68,0,68,0,198.28312009999996,,198.26777450000003,198.28312009999996,199.2805265,199.29790359999998,200.07950269999998,down,0,0.785402700000077,None,0,182779,001,2025-09-11_21h26.47.923,Orientation Discrimination- task 2,,2025.1.1,59.80911323419955,2025-09-11 21h26.51.283120 +0530,
69,0,69,down,1,0.7401824999999462,None,3,69,0,69,0,200.0958582,,200.07977349999993,200.0958582,201.07978009999994,201.0961785,201.83285819999998,down,1,0.7401824999999462,None,3,182779,001,2025-09-11_21h26.47.923,Orientation Discrimination- task 2,,2025.1.1,59.80911323419955,2025-09-11 21h26.51.283120 +0530,
70,0,70,down,1,0.5992599999999584,None,1,70,0,70,0,201.84781630000003,,201.8333985,201.84781630000003,202.83201509999998,202.84880529999992,203.43370409999994,down,1,0.5992599999999584,None,1,182779,001,2025-09-11_21h26.47.923,Orientation Discrimination- task 2,,2025.1.1,59.80911323419955,2025-09-11 21h26.51.283120 +0530,
71,0,71,down,1,0.9203121999998984,None,-5,71,0,71,0,203.44737649999996,,203.43415520000002,203.44737649999996,204.44801030000002,204.44801030000002,205.38128109999997,down,1,0.9203121999998984,None,-5,182779,001,2025-09-11_21h26.47.923,Orientation Discrimination- task 2,,2025.1.1,59.80911323419955,2025-09-11 21h26.51.283120 +0530,
72,0,72,down,0,0.6189210000000003,None,0,72,0,72,0,205.39805439999992,,205.3815877,205.39805439999992,206.38109070000002,206.39914240000002,207.01576040000003,down,0,0.6189210000000003,None,0,182779,001,2025-09-11_21h26.47.923,Orientation Discrimination- task 2,,2025.1.1,59.80911323419955,2025-09-11 21h26.51.283120 +0530,
73,0,73,up,1,1.2311195000000907,None,0,73,0,73,0,207.03170499999993,,207.01618719999993,207.03170499999993,208.0129877,208.04883979999994,209.2492947,up,1,1.2311195000000907,None,0,182779,001,2025-09-11_21h26.47.923,Orientation Discrimination- task 2,,2025.1.1,59.80911323419955,2025-09-11 21h26.51.283120 +0530,
74,0,74,up,1,0.7115906999999879,None,0,74,0,74,0,209.26476969999993,,209.2497692,209.26476969999993,210.26542009999997,210.26542009999997,210.98201590000002,up,1,0.7115906999999879,None,0,182779,001,2025-09-11_21h26.47.923,Orientation Discrimination- task 2,,2025.1.1,59.80911323419955,2025-09-11 21h26.51.283120 +0530,
75,0,75,up,0,1.1195079999999962,None,1,75,0,75,0,210.99731960000003,,210.98258070000003,210.99731960000003,211.98093899999998,211.99819889999998,213.11232649999994,up,0,1.1195079999999962,None,1,182779,001,2025-09-11_21h26.47.923,Orientation Discrimination- task 2,,2025.1.1,59.80911323419955,2025-09-11 21h26.51.283120 +0530,
76,0,76,down,1,0.7702136999999993,None,-5,76,0,76,0,213.1304882,,213.11264950000003,213.1304882,214.11304409999997,214.13135829999993,214.89777729999997,down,1,0.7702136999999993,None,-5,182779,001,2025-09-11_21h26.47.923,Orientation Discrimination- task 2,,2025.1.1,59.80911323419955,2025-09-11 21h26.51.283120 +0530,
77,0,77,down,1,0.677380200000016,None,-3,77,0,77,0,214.91465539999996,,214.89842229999994,214.91465539999996,215.89717309999997,215.9140296,216.57919120000003,down,1,0.677380200000016,None,-3,182779,001,2025-09-11_21h26.47.923,Orientation Discrimination- task 2,,2025.1.1,59.80911323419955,2025-09-11 21h26.51.283120 +0530,
78,0,78,down,1,0.6969027999999753,None,4,78,0,78,0,216.5969948,,216.5797028,216.5969948,217.58006959999994,217.59643950000003,218.28051579999993,down,1,0.6969027999999753,None,4,182779,001,2025-09-11_21h26.47.923,Orientation Discrimination- task 2,,2025.1.1,59.80911323419955,2025-09-11 21h26.51.283120 +0530,
79,0,79,down,1,0.690456499999982,None,-3,79,0,79,0,218.29697229999994,,218.2809898,218.29697229999994,219.28029199999997,219.29725909999996,219.97910159999998,down,1,0.690456499999982,None,-3,182779,001,2025-09-11_21h26.47.923,Orientation Discrimination- task 2,,2025.1.1,59.80911323419955,2025-09-11 21h26.51.283120 +0530,
80,0,80,up,1,0.8934169000000338,None,0,80,0,80,0,219.99618909999998,,219.97971339999998,219.99618909999998,220.98008369999997,220.99650809999997,221.87911760000003,up,1,0.8934169000000338,None,0,182779,001,2025-09-11_21h26.47.923,Orientation Discrimination- task 2,,2025.1.1,59.80911323419955,2025-09-11 21h26.51.283120 +0530,
81,0,81,up,1,0.6643963999999869,None,0,81,0,81,0,221.8953909,,221.87968689999997,221.8953909,222.8800604,222.89613409999998,223.54762779999993,up,1,0.6643963999999869,None,0,182779,001,2025-09-11_21h26.47.923,Orientation Discrimination- task 2,,2025.1.1,59.80911323419955,2025-09-11 21h26.51.283120 +0530,
82,0,82,down,1,0.9584584000000405,None,2,82,0,82,0,223.56271839999994,,223.5481014,223.56271839999994,224.5632566,224.5632566,225.5294025,down,1,0.9584584000000405,None,2,182779,001,2025-09-11_21h26.47.923,Orientation Discrimination- task 2,,2025.1.1,59.80911323419955,2025-09-11 21h26.51.283120 +0530,
83,0,83,down,1,0.728603000000021,None,3,83,0,83,0,225.54609899999997,,225.52990010000002,225.54609899999997,226.54309089999998,226.55986460000003,227.2767419,down,1,0.728603000000021,None,3,182779,001,2025-09-11_21h26.47.923,Orientation Discrimination- task 2,,2025.1.1,59.80911323419955,2025-09-11 21h26.51.283120 +0530,
84,0,84,down,0,0.7025467999999364,None,0,84,0,84,0,227.29270419999995,,227.27701329999996,227.29270419999995,228.27664439999995,228.29473389999993,228.9934976,down,0,0.7025467999999364,None,0,182779,001,2025-09-11_21h26.47.923,Orientation Discrimination- task 2,,2025.1.1,59.80911323419955,2025-09-11 21h26.51.283120 +0530,
85,0,85,up,1,1.868696,None,0,85,0,85,0,229.01196420000002,,228.99393979999996,229.01196420000002,229.99472880000002,230.01193299999994,231.87853419999993,up,1,1.868696,None,0,182779,001,2025-09-11_21h26.47.923,Orientation Discrimination- task 2,,2025.1.1,59.80911323419955,2025-09-11 21h26.51.283120 +0530,
86,0,86,down,1,2.1911883999999873,None,3,86,0,86,0,231.8951748,,231.87897359999994,231.8951748,232.8793751,232.89438109999998,235.07829880000003,down,1,2.1911883999999873,None,3,182779,001,2025-09-11_21h26.47.923,Orientation Discrimination- task 2,,2025.1.1,59.80911323419955,2025-09-11 21h26.51.283120 +0530,
87,0,87,down,1,0.6855130000000145,None,2,87,0,87,0,235.09467590000003,,235.0787734,235.09467590000003,236.07837769999998,236.09517109999996,236.77957369999996,down,1,0.6855130000000145,None,2,182779,001,2025-09-11_21h26.47.923,Orientation Discrimination- task 2,,2025.1.1,59.80911323419955,2025-09-11 21h26.51.283120 +0530,
88,0,88,down,0,0.728730100000007,None,0,88,0,88,0,236.79471669999992,,236.78007299999996,236.79471669999992,237.79477419999995,237.79477419999995,238.52899050000002,down,0,0.728730100000007,None,0,182779,001,2025-09-11_21h26.47.923,Orientation Discrimination- task 2,,2025.1.1,59.80911323419955,2025-09-11 21h26.51.283120 +0530,
89,0,89,down,1,0.5762778000000708,None,2,89,0,89,0,238.54315730000002,,238.5295822,238.54315730000002,239.54505769999997,239.54505769999997,240.1255418,down,1,0.5762778000000708,None,2,182779,001,2025-09-11_21h26.47.923,Orientation Discrimination- task 2,,2025.1.1,59.80911323419955,2025-09-11 21h26.51.283120 +0530,
90,0,90,down,1,1.1846833000000743,None,-2,90,0,90,0,240.142493,,240.12595399999992,240.142493,241.12714899999997,241.14443239999997,242.32542359999997,down,1,1.1846833000000743,None,-2,182779,001,2025-09-11_21h26.47.923,Orientation Discrimination- task 2,,2025.1.1,59.80911323419955,2025-09-11 21h26.51.283120 +0530,
91,0,91,down,1,0.535693599999945,None,-4,91,0,91,0,242.34113009999993,,242.32571379999996,242.34113009999993,243.32749299999995,243.3437293,243.8774993,down,1,0.535693599999945,None,-4,182779,001,2025-09-11_21h26.47.923,Orientation Discrimination- task 2,,2025.1.1,59.80911323419955,2025-09-11 21h26.51.283120 +0530,
92,0,92,up,1,0.8552257000000054,None,0,92,0,92,0,243.89336959999997,,243.87803430000002,243.89336959999997,244.89210139999994,244.90934039999996,245.75969619999995,up,1,0.8552257000000054,None,0,182779,001,2025-09-11_21h26.47.923,Orientation Discrimination- task 2,,2025.1.1,59.80911323419955,2025-09-11 21h26.51.283120 +0530,
93,0,93,up,1,0.579193000000032,None,0,93,0,93,0,245.7768517,,245.76007249999992,245.7768517,246.77692310000003,246.79326899999995,247.36040989999998,up,1,0.579193000000032,None,0,182779,001,2025-09-11_21h26.47.923,Orientation Discrimination- task 2,,2025.1.1,59.80911323419955,2025-09-11 21h26.51.283120 +0530,
94,0,94,down,1,0.7270074000000477,None,-2,94,0,94,0,247.37677630000002,,247.36090459999997,247.37677630000002,248.36044899999996,248.37662039999992,249.09384210000002,down,1,0.7270074000000477,None,-2,182779,001,2025-09-11_21h26.47.923,Orientation Discrimination- task 2,,2025.1.1,59.80911323419955,2025-09-11 21h26.51.283120 +0530,
95,0,95,up,1,0.8869477999999162,None,0,95,0,95,0,249.1095323,,249.09439559999993,249.1095323,250.11037859999993,250.11037859999993,251.01017999999993,up,1,0.8869477999999162,None,0,182779,001,2025-09-11_21h26.47.923,Orientation Discrimination- task 2,,2025.1.1,59.80911323419955,2025-09-11 21h26.51.283120 +0530,
96,0,96,up,1,0.6055399000000534,None,0,96,0,96,0,251.02634510000001,,251.01073130000003,251.02634510000001,252.02606450000002,252.04179659999994,252.63987960000003,up,1,0.6055399000000534,None,0,182779,001,2025-09-11_21h26.47.923,Orientation Discrimination- task 2,,2025.1.1,59.80911323419955,2025-09-11 21h26.51.283120 +0530,
97,0,97,up,1,0.47131850000005215,None,0,97,0,97,0,252.6560427,,252.6401245,252.6560427,253.64180229999994,253.65919789999992,254.12607799999995,up,1,0.47131850000005215,None,0,182779,001,2025-09-11_21h26.47.923,Orientation Discrimination- task 2,,2025.1.1,59.80911323419955,2025-09-11 21h26.51.283120 +0530,
98,0,98,up,1,0.4162173999999368,None,0,98,0,98,0,254.14206159999998,,254.12655549999994,254.14206159999998,255.1424702,255.15887709999998,255.5599954,up,1,0.4162173999999368,None,0,182779,001,2025-09-11_21h26.47.923,Orientation Discrimination- task 2,,2025.1.1,59.80911323419955,2025-09-11 21h26.51.283120 +0530,
99,0,99,up,1,0.5477468999999928,None,0,99,0,99,0,255.57502619999997,,255.56052670000003,255.57502619999997,256.5758013,256.5758013,257.1272364999999,up,1,0.5477468999999928,None,0,182779,001,2025-09-11_21h26.47.923,Orientation Discrimination- task 2,,2025.1.1,59.80911323419955,2025-09-11 21h26.51.283120 +0530,
