pos,corr_resp,thisN,thisTrialN,thisRepN,key_resp.keys,key_resp.corr,key_resp.rt,key_resp.duration,trials.thisRepN,trials.thisTrialN,trials.thisN,trials.thisIndex,trials_2.thisRepN,trials_2.thisTrialN,trials_2.thisN,trials_2.thisIndex,thisRow.t,notes,trial.started,fixation.started,line1.started,line_2.started,line3.started,line4.started,fixation.stopped,probe.started,key_resp.started,trial.stopped,trials.key_resp.keys,trials.key_resp.corr,trials.key_resp.rt,trials.key_resp.duration,trials_2.key_resp.keys,trials_2.key_resp.corr,trials_2.key_resp.rt,trials_2.key_resp.duration,participant,session,date,expName,expVersion,psychopyVersion,frameRate,expStart
-50,x,0,0,0,x,1,0.7975942,None,0,0,0,0,,,,,0.0451199,,0.0224324,0.0451199,1.0122432,1.0122432,1.0122432,1.0122432,1.045363,2.0136031,2.0136031,2.8955559,x,1,0.7975942,None,,,,,791104,1,2025-10-04_09h08.08.244,sequential_learning_ task 4,,2025.1.1,60.54749465,2025-10-04 09h08.12.821121 +0530
150,v,1,1,0,v,1,0.5078329,None,0,1,1,1,,,,,2.9101229,,2.8957546,2.9101229,3.8945363,3.8945363,3.8945363,3.8945363,3.9114214,4.8967622,4.8967622,5.4120758,v,1,0.5078329,None,,,,,791104,1,2025-10-04_09h08.08.244,sequential_learning_ task 4,,2025.1.1,60.54749465,2025-10-04 09h08.12.821121 +0530
50,c,2,2,0,c,1,0.4733385,None,0,2,2,2,,,,,5.428108,,5.4122788,5.428108,6.4135344,6.4135344,6.4135344,6.4135344,6.4298053,7.4124339,7.4124339,7.8968317,c,1,0.4733385,None,,,,,791104,1,2025-10-04_09h08.08.244,sequential_learning_ task 4,,2025.1.1,60.54749465,2025-10-04 09h08.12.821121 +0530
-150,z,3,3,0,z,1,0.536219,None,0,3,3,3,,,,,7.9131824,,7.8974068,7.9131824,8.9118368,8.9118368,8.9118368,8.9118368,8.92852,9.8961362,9.8961362,10.4475076,z,1,0.536219,None,,,,,791104,1,2025-10-04_09h08.08.244,sequential_learning_ task 4,,2025.1.1,60.54749465,2025-10-04 09h08.12.821121 +0530
-50,x,4,0,1,x,1,0.3054182,None,1,0,4,0,,,,,10.4627007,,10.4482161,10.4627007,11.4617355,11.4617355,11.4617355,11.4617355,11.4779928,12.4642607,12.4642607,12.7792331,x,1,0.3054182,None,,,,,791104,1,2025-10-04_09h08.08.244,sequential_learning_ task 4,,2025.1.1,60.54749465,2025-10-04 09h08.12.821121 +0530
150,v,5,1,1,v,1,0.446401,None,1,1,5,1,,,,,12.7945103,,12.7799134,12.7945103,13.7784532,13.7784532,13.7784532,13.7784532,13.7957895,14.7786832,14.7786832,15.2316995,v,1,0.446401,None,,,,,791104,1,2025-10-04_09h08.08.244,sequential_learning_ task 4,,2025.1.1,60.54749465,2025-10-04 09h08.12.821121 +0530
50,c,6,2,1,c,1,0.330066,None,1,2,6,2,,,,,15.2445725,,15.2326197,15.2445725,16.2456054,16.2456054,16.2456054,16.2456054,16.2456054,17.2444001,17.2444001,17.5805146,c,1,0.330066,None,,,,,791104,1,2025-10-04_09h08.08.244,sequential_learning_ task 4,,2025.1.1,60.54749465,2025-10-04 09h08.12.821121 +0530
-150,z,7,3,1,z,1,0.335676,None,1,3,7,3,,,,,17.5942034,,17.5811621,17.5942034,18.5951764,18.5951764,18.5951764,18.5951764,18.5951764,19.5950836,19.5950836,19.9443515,z,1,0.335676,None,,,,,791104,1,2025-10-04_09h08.08.244,sequential_learning_ task 4,,2025.1.1,60.54749465,2025-10-04 09h08.12.821121 +0530
-50,x,8,0,2,x,1,0.4001461,None,2,0,8,0,,,,,19.9609041,,19.9449828,19.9609041,20.944826,20.944826,20.944826,20.944826,20.961271,21.9438005,21.9438005,22.3605778,x,1,0.4001461,None,,,,,791104,1,2025-10-04_09h08.08.244,sequential_learning_ task 4,,2025.1.1,60.54749465,2025-10-04 09h08.12.821121 +0530
150,v,9,1,2,v,1,0.4494184,None,2,1,9,1,,,,,22.3764955,,22.3612655,22.3764955,23.3610796,23.3610796,23.3610796,23.3610796,23.3779747,24.3605841,24.3605841,24.8162752,v,1,0.4494184,None,,,,,791104,1,2025-10-04_09h08.08.244,sequential_learning_ task 4,,2025.1.1,60.54749465,2025-10-04 09h08.12.821121 +0530
50,c,10,2,2,c,1,0.3338363,None,2,2,10,2,,,,,24.8263325,,24.8168845,24.8263325,25.8282394,25.8282394,25.8282394,25.8282394,25.8282394,26.8269537,26.8269537,27.1786484,c,1,0.3338363,None,,,,,791104,1,2025-10-04_09h08.08.244,sequential_learning_ task 4,,2025.1.1,60.54749465,2025-10-04 09h08.12.821121 +0530
-150,z,11,3,2,x,0,0.1814766,None,2,3,11,3,,,,,27.194204,,27.1793253,27.194204,28.176706,28.176706,28.176706,28.176706,28.192718,29.1778857,29.1778857,29.3773403,x,0,0.1814766,None,,,,,791104,1,2025-10-04_09h08.08.244,sequential_learning_ task 4,,2025.1.1,60.54749465,2025-10-04 09h08.12.821121 +0530
-50,x,12,0,3,x,1,0.6014616,None,3,0,12,0,,,,,29.3937918,,29.3780569,29.3937918,30.376588,30.376588,30.376588,30.376588,30.394353,31.376577,31.376577,31.9924541,x,1,0.6014616,None,,,,,791104,1,2025-10-04_09h08.08.244,sequential_learning_ task 4,,2025.1.1,60.54749465,2025-10-04 09h08.12.821121 +0530
150,v,13,1,3,v,1,0.5624914,None,3,1,13,1,,,,,32.0098165,,31.9930389,32.0098165,32.9931183,32.9931183,32.9931183,32.9931183,33.0090608,33.9930231,33.9930231,34.5611404,v,1,0.5624914,None,,,,,791104,1,2025-10-04_09h08.08.244,sequential_learning_ task 4,,2025.1.1,60.54749465,2025-10-04 09h08.12.821121 +0530
50,c,14,2,3,c,1,0.9535527,None,3,2,14,2,,,,,34.5759426,,34.5617837,34.5759426,35.5759068,35.5759068,35.5759068,35.5759068,35.5759068,36.5760304,36.5760304,37.5426568,c,1,0.9535527,None,,,,,791104,1,2025-10-04_09h08.08.244,sequential_learning_ task 4,,2025.1.1,60.54749465,2025-10-04 09h08.12.821121 +0530
-150,z,15,3,3,z,1,0.2757974,None,3,3,15,3,,,,,37.5591894,,37.5433409,37.5591894,38.5579739,38.5579739,38.5579739,38.5579739,38.5579739,39.5414485,39.5414485,39.8257624,z,1,0.2757974,None,,,,,791104,1,2025-10-04_09h08.08.244,sequential_learning_ task 4,,2025.1.1,60.54749465,2025-10-04 09h08.12.821121 +0530
-50,x,16,0,4,x,1,0.6832678,None,4,0,16,0,,,,,39.8420621,,39.8263844,39.8420621,40.8259459,40.8259459,40.8259459,40.8259459,40.8422668,41.825236,41.825236,42.5256788,x,1,0.6832678,None,,,,,791104,1,2025-10-04_09h08.08.244,sequential_learning_ task 4,,2025.1.1,60.54749465,2025-10-04 09h08.12.821121 +0530
150,v,17,1,4,v,1,0.3293632,None,4,1,17,1,,,,,42.5415865,,42.5263753,42.5415865,43.5265948,43.5265948,43.5265948,43.5265948,43.5416067,44.5239534,44.5239534,44.8597319,v,1,0.3293632,None,,,,,791104,1,2025-10-04_09h08.08.244,sequential_learning_ task 4,,2025.1.1,60.54749465,2025-10-04 09h08.12.821121 +0530
50,c,18,2,4,c,1,0.6162068,None,4,2,18,2,,,,,44.8749023,,44.8604149,44.8749023,45.8747164,45.8747164,45.8747164,45.8747164,45.8747164,46.8743748,46.8743748,47.4934691,c,1,0.6162068,None,,,,,791104,1,2025-10-04_09h08.08.244,sequential_learning_ task 4,,2025.1.1,60.54749465,2025-10-04 09h08.12.821121 +0530
-150,z,19,3,4,z,1,0.5656991,None,4,3,19,3,,,,,47.5071969,,47.4940912,47.5071969,48.5092412,48.5092412,48.5092412,48.5092412,48.5092412,49.507618,49.507618,50.0757756,z,1,0.5656991,None,,,,,791104,1,2025-10-04_09h08.08.244,sequential_learning_ task 4,,2025.1.1,60.54749465,2025-10-04 09h08.12.821121 +0530
-50,x,20,0,5,x,1,0.3659522,None,5,0,20,0,,,,,50.091173,,50.0764684,50.091173,51.0908159,51.0908159,51.0908159,51.0908159,51.106659,52.0902599,52.0902599,52.4733941,x,1,0.3659522,None,,,,,791104,1,2025-10-04_09h08.08.244,sequential_learning_ task 4,,2025.1.1,60.54749465,2025-10-04 09h08.12.821121 +0530
150,v,21,1,5,v,1,0.565515,None,5,1,21,1,,,,,52.4896553,,52.4738634,52.4896553,53.4727894,53.4727894,53.4727894,53.4727894,53.4906802,54.4737262,54.4737262,55.0419667,v,1,0.565515,None,,,,,791104,1,2025-10-04_09h08.08.244,sequential_learning_ task 4,,2025.1.1,60.54749465,2025-10-04 09h08.12.821121 +0530
50,c,22,2,5,c,1,0.5702962,None,5,2,22,2,,,,,55.0569239,,55.0425399,55.0569239,56.0564064,56.0564064,56.0564064,56.0564064,56.0564064,57.056797,57.056797,57.6406753,c,1,0.5702962,None,,,,,791104,1,2025-10-04_09h08.08.244,sequential_learning_ task 4,,2025.1.1,60.54749465,2025-10-04 09h08.12.821121 +0530
-150,z,23,3,5,z,1,0.4255232,None,5,3,23,3,,,,,57.656118,,57.6413897,57.656118,58.6551665,58.6551665,58.6551665,58.6551665,58.6551665,59.6579826,59.6579826,60.0899452,z,1,0.4255232,None,,,,,791104,1,2025-10-04_09h08.08.244,sequential_learning_ task 4,,2025.1.1,60.54749465,2025-10-04 09h08.12.821121 +0530
-50,x,24,0,6,x,1,0.3422758,None,6,0,24,0,,,,,60.1054619,,60.0906146,60.1054619,61.1049522,61.1049522,61.1049522,61.1049522,61.1049522,62.1046575,62.1046575,62.4564455,x,1,0.3422758,None,,,,,791104,1,2025-10-04_09h08.08.244,sequential_learning_ task 4,,2025.1.1,60.54749465,2025-10-04 09h08.12.821121 +0530
150,v,25,1,6,v,1,0.371022,None,6,1,25,1,,,,,62.4726069,,62.4570979,62.4726069,63.4555824,63.4555824,63.4555824,63.4555824,63.4724768,64.4720665,64.4720665,64.8563328,v,1,0.371022,None,,,,,791104,1,2025-10-04_09h08.08.244,sequential_learning_ task 4,,2025.1.1,60.54749465,2025-10-04 09h08.12.821121 +0530
50,c,26,2,6,c,1,0.2961502,None,6,2,26,2,,,,,64.8717021,,64.8569166,64.8717021,65.8554072,65.8554072,65.8554072,65.8554072,65.871065,66.8707549,66.8707549,67.1729445,c,1,0.2961502,None,,,,,791104,1,2025-10-04_09h08.08.244,sequential_learning_ task 4,,2025.1.1,60.54749465,2025-10-04 09h08.12.821121 +0530
-150,z,27,3,6,z,1,0.4352692,None,6,3,27,3,,,,,67.1886722,,67.1735108,67.1886722,68.1713436,68.1713436,68.1713436,68.1713436,68.1886685,69.1886878,69.1886878,69.6387828,z,1,0.4352692,None,,,,,791104,1,2025-10-04_09h08.08.244,sequential_learning_ task 4,,2025.1.1,60.54749465,2025-10-04 09h08.12.821121 +0530
-50,x,28,0,7,x,1,0.411853,None,7,0,28,0,,,,,69.655429,,69.6393956,69.655429,70.6388258,70.6388258,70.6388258,70.6388258,70.6545603,71.6373655,71.6373655,72.056295,x,1,0.411853,None,,,,,791104,1,2025-10-04_09h08.08.244,sequential_learning_ task 4,,2025.1.1,60.54749465,2025-10-04 09h08.12.821121 +0530
150,v,29,1,7,v,1,0.5106475,None,7,1,29,1,,,,,72.0703802,,72.0568943,72.0703802,73.0710601,73.0710601,73.0710601,73.0710601,73.0710601,74.0557208,74.0557208,74.5730728,v,1,0.5106475,None,,,,,791104,1,2025-10-04_09h08.08.244,sequential_learning_ task 4,,2025.1.1,60.54749465,2025-10-04 09h08.12.821121 +0530
50,c,30,2,7,c,1,0.323679,None,7,2,30,2,,,,,74.5866104,,74.5737875,74.5866104,75.5863636,75.5863636,75.5863636,75.5863636,75.5863636,76.5864615,76.5864615,76.9197964,c,1,0.323679,None,,,,,791104,1,2025-10-04_09h08.08.244,sequential_learning_ task 4,,2025.1.1,60.54749465,2025-10-04 09h08.12.821121 +0530
-150,z,31,3,7,z,1,0.4089348,None,7,3,31,3,,,,,76.9359226,,76.9201448,76.9359226,77.9205439,77.9205439,77.9205439,77.9205439,77.9374162,78.9208305,78.9208305,79.3371791,z,1,0.4089348,None,,,,,791104,1,2025-10-04_09h08.08.244,sequential_learning_ task 4,,2025.1.1,60.54749465,2025-10-04 09h08.12.821121 +0530
-50,x,32,0,8,x,1,0.2923511,None,8,0,32,0,,,,,79.3530913,,79.3378291,79.3530913,80.3373904,80.3373904,80.3373904,80.3373904,80.3531272,81.3526933,81.3526933,81.6527713,x,1,0.2923511,None,,,,,791104,1,2025-10-04_09h08.08.244,sequential_learning_ task 4,,2025.1.1,60.54749465,2025-10-04 09h08.12.821121 +0530
150,v,33,1,8,v,1,0.3535414,None,8,1,33,1,,,,,81.6688923,,81.6533332,81.6688923,82.6535225,82.6535225,82.6535225,82.6535225,82.6701017,83.653845,83.653845,84.0210963,v,1,0.3535414,None,,,,,791104,1,2025-10-04_09h08.08.244,sequential_learning_ task 4,,2025.1.1,60.54749465,2025-10-04 09h08.12.821121 +0530
50,c,34,2,8,c,1,0.8217868,None,8,2,34,2,,,,,84.0366817,,84.0216849,84.0366817,85.0364981,85.0364981,85.0364981,85.0364981,85.0364981,86.0364013,86.0364013,86.8696345,c,1,0.8217868,None,,,,,791104,1,2025-10-04_09h08.08.244,sequential_learning_ task 4,,2025.1.1,60.54749465,2025-10-04 09h08.12.821121 +0530
-150,z,35,3,8,z,1,0.9786707,None,8,3,35,3,,,,,86.8856407,,86.8702616,86.8856407,87.8692765,87.8692765,87.8692765,87.8692765,87.8848553,88.86925,88.86925,89.8544595,z,1,0.9786707,None,,,,,791104,1,2025-10-04_09h08.08.244,sequential_learning_ task 4,,2025.1.1,60.54749465,2025-10-04 09h08.12.821121 +0530
-50,x,36,0,9,x,1,0.9508711,None,9,0,36,0,,,,,89.8686421,,89.855116,89.8686421,90.8690325,90.8690325,90.8690325,90.8690325,90.8690325,91.8698913,91.8698913,92.8378104,x,1,0.9508711,None,,,,,791104,1,2025-10-04_09h08.08.244,sequential_learning_ task 4,,2025.1.1,60.54749465,2025-10-04 09h08.12.821121 +0530
150,v,37,1,9,v,1,0.685671,None,9,1,37,1,,,,,92.8525645,,92.8386234,92.8525645,93.8531674,93.8531674,93.8531674,93.8531674,93.8683185,94.8512931,94.8512931,95.551741,v,1,0.685671,None,,,,,791104,1,2025-10-04_09h08.08.244,sequential_learning_ task 4,,2025.1.1,60.54749465,2025-10-04 09h08.12.821121 +0530
50,c,38,2,9,c,1,0.5540563,None,9,2,38,2,,,,,95.5685588,,95.5523808,95.5685588,96.5515675,96.5515675,96.5515675,96.5515675,96.5678177,97.5514843,97.5514843,98.1183177,c,1,0.5540563,None,,,,,791104,1,2025-10-04_09h08.08.244,sequential_learning_ task 4,,2025.1.1,60.54749465,2025-10-04 09h08.12.821121 +0530
-150,z,39,3,9,z,1,0.668047,None,9,3,39,3,,,,,98.1344634,,98.1187807,98.1344634,99.1185047,99.1185047,99.1185047,99.1185047,99.1334138,100.134641,100.134641,100.8191035,z,1,0.668047,None,,,,,791104,1,2025-10-04_09h08.08.244,sequential_learning_ task 4,,2025.1.1,60.54749465,2025-10-04 09h08.12.821121 +0530
-50,x,40,0,10,x,1,0.8719873,None,10,0,40,0,,,,,100.8345936,,100.819821,100.8345936,101.8341968,101.8341968,101.8341968,101.8341968,101.8341968,102.8331216,102.8331216,103.7173398,x,1,0.8719873,None,,,,,791104,1,2025-10-04_09h08.08.244,sequential_learning_ task 4,,2025.1.1,60.54749465,2025-10-04 09h08.12.821121 +0530
150,v,41,1,10,v,1,0.8194958,None,10,1,41,1,,,,,103.733814,,103.7181614,103.733814,104.717461,104.717461,104.717461,104.717461,104.7339208,105.7169659,105.7169659,106.5513035,v,1,0.8194958,None,,,,,791104,1,2025-10-04_09h08.08.244,sequential_learning_ task 4,,2025.1.1,60.54749465,2025-10-04 09h08.12.821121 +0530
50,c,42,2,10,c,1,0.7893212,None,10,2,42,2,,,,,106.5666814,,106.5519353,106.5666814,107.5674568,107.5674568,107.5674568,107.5674568,107.5674568,108.566439,108.566439,109.3670946,c,1,0.7893212,None,,,,,791104,1,2025-10-04_09h08.08.244,sequential_learning_ task 4,,2025.1.1,60.54749465,2025-10-04 09h08.12.821121 +0530
-150,z,43,3,10,z,1,0.5831251,None,10,3,43,3,,,,,109.3833818,,109.3677296,109.3833818,110.3669203,110.3669203,110.3669203,110.3669203,110.3825665,111.365764,111.365764,111.9507312,z,1,0.5831251,None,,,,,791104,1,2025-10-04_09h08.08.244,sequential_learning_ task 4,,2025.1.1,60.54749465,2025-10-04 09h08.12.821121 +0530
-50,x,44,0,11,x,1,0.6730522,None,11,0,44,0,,,,,111.9665019,,111.9513352,111.9665019,112.9658253,112.9658253,112.9658253,112.9658253,112.9658253,113.9659807,113.9659807,114.6497877,x,1,0.6730522,None,,,,,791104,1,2025-10-04_09h08.08.244,sequential_learning_ task 4,,2025.1.1,60.54749465,2025-10-04 09h08.12.821121 +0530
150,v,45,1,11,v,1,0.4047576,None,11,1,45,1,,,,,114.6647588,,114.650394,114.6647588,115.6489952,115.6489952,115.6489952,115.6489952,115.6665887,116.6487305,116.6487305,117.0665405,v,1,0.4047576,None,,,,,791104,1,2025-10-04_09h08.08.244,sequential_learning_ task 4,,2025.1.1,60.54749465,2025-10-04 09h08.12.821121 +0530
50,c,46,2,11,c,1,0.7109706,None,11,2,46,2,,,,,117.081458,,117.0671657,117.081458,118.0820845,118.0820845,118.0820845,118.0820845,118.0820845,119.0820248,119.0820248,119.7996934,c,1,0.7109706,None,,,,,791104,1,2025-10-04_09h08.08.244,sequential_learning_ task 4,,2025.1.1,60.54749465,2025-10-04 09h08.12.821121 +0530
-150,z,47,3,11,z,1,0.6693258,None,11,3,47,3,,,,,119.8143183,,119.800319,119.8143183,120.8152406,120.8152406,120.8152406,120.8152406,120.8152406,121.8148615,121.8148615,122.4984588,z,1,0.6693258,None,,,,,791104,1,2025-10-04_09h08.08.244,sequential_learning_ task 4,,2025.1.1,60.54749465,2025-10-04 09h08.12.821121 +0530
-50,x,48,0,12,x,1,0.7546837,None,12,0,48,0,,,,,122.5148907,,122.4991044,122.5148907,123.4979627,123.4979627,123.4979627,123.4979627,123.5148474,124.4979944,124.4979944,125.2639595,x,1,0.7546837,None,,,,,791104,1,2025-10-04_09h08.08.244,sequential_learning_ task 4,,2025.1.1,60.54749465,2025-10-04 09h08.12.821121 +0530
150,v,49,1,12,v,1,0.9211027,None,12,1,49,1,,,,,125.2795812,,125.2642775,125.2795812,126.2645016,126.2645016,126.2645016,126.2645016,126.2810759,127.2639449,127.2639449,128.198854,v,1,0.9211027,None,,,,,791104,1,2025-10-04_09h08.08.244,sequential_learning_ task 4,,2025.1.1,60.54749465,2025-10-04 09h08.12.821121 +0530
50,c,50,2,12,c,1,1.1326858,None,12,2,50,2,,,,,128.2139272,,128.1994441,128.2139272,129.2138607,129.2138607,129.2138607,129.2138607,129.2138607,130.2139882,130.2139882,131.3484732,c,1,1.1326858,None,,,,,791104,1,2025-10-04_09h08.08.244,sequential_learning_ task 4,,2025.1.1,60.54749465,2025-10-04 09h08.12.821121 +0530
-150,z,51,3,12,z,1,0.7143741,None,12,3,51,3,,,,,131.3636738,,131.3490943,131.3636738,132.3638322,132.3638322,132.3638322,132.3638322,132.3638322,133.3642744,133.3642744,134.0809148,z,1,0.7143741,None,,,,,791104,1,2025-10-04_09h08.08.244,sequential_learning_ task 4,,2025.1.1,60.54749465,2025-10-04 09h08.12.821121 +0530
-50,x,52,0,13,x,1,0.4187196,None,13,0,52,0,,,,,134.0969019,,134.0815832,134.0969019,135.0966118,135.0966118,135.0966118,135.0966118,135.0966118,136.0798762,136.0798762,136.513866,x,1,0.4187196,None,,,,,791104,1,2025-10-04_09h08.08.244,sequential_learning_ task 4,,2025.1.1,60.54749465,2025-10-04 09h08.12.821121 +0530
150,v,53,1,13,v,1,0.5322329,None,13,1,53,1,,,,,136.5301415,,136.5145697,136.5301415,137.529829,137.529829,137.529829,137.529829,137.5464671,138.5123109,138.5123109,139.0472473,v,1,0.5322329,None,,,,,791104,1,2025-10-04_09h08.08.244,sequential_learning_ task 4,,2025.1.1,60.54749465,2025-10-04 09h08.12.821121 +0530
50,c,54,2,13,c,1,0.7569172,None,13,2,54,2,,,,,139.0626594,,139.047912,139.0626594,140.0627954,140.0627954,140.0627954,140.0627954,140.0793219,141.0625682,141.0625682,141.8288291,c,1,0.7569172,None,,,,,791104,1,2025-10-04_09h08.08.244,sequential_learning_ task 4,,2025.1.1,60.54749465,2025-10-04 09h08.12.821121 +0530
-150,z,55,3,13,z,1,0.3695225,None,13,3,55,3,,,,,141.8441893,,141.8294428,141.8441893,142.8289565,142.8289565,142.8289565,142.8289565,142.8454397,143.8286631,143.8286631,144.21194,z,1,0.3695225,None,,,,,791104,1,2025-10-04_09h08.08.244,sequential_learning_ task 4,,2025.1.1,60.54749465,2025-10-04 09h08.12.821121 +0530
-50,x,56,0,14,x,1,0.6439823,None,14,0,56,0,,,,,144.2285242,,144.212518,144.2285242,145.211794,145.211794,145.211794,145.211794,145.2287704,146.2118711,146.2118711,146.8619163,x,1,0.6439823,None,,,,,791104,1,2025-10-04_09h08.08.244,sequential_learning_ task 4,,2025.1.1,60.54749465,2025-10-04 09h08.12.821121 +0530
150,v,57,1,14,v,1,0.5285773,None,14,1,57,1,,,,,146.8785448,,146.8624606,146.8785448,147.8615205,147.8615205,147.8615205,147.8615205,147.878265,148.8614664,148.8614664,149.3961514,v,1,0.5285773,None,,,,,791104,1,2025-10-04_09h08.08.244,sequential_learning_ task 4,,2025.1.1,60.54749465,2025-10-04 09h08.12.821121 +0530
50,c,58,2,14,c,1,0.8309355,None,14,2,58,2,,,,,149.4117939,,149.3967661,149.4117939,150.4118758,150.4118758,150.4118758,150.4118758,150.4118758,151.4114926,151.4114926,152.2453787,c,1,0.8309355,None,,,,,791104,1,2025-10-04_09h08.08.244,sequential_learning_ task 4,,2025.1.1,60.54749465,2025-10-04 09h08.12.821121 +0530
-150,z,59,3,14,z,1,0.6231864,None,14,3,59,3,,,,,152.2609137,,152.2460732,152.2609137,153.2609723,153.2609723,153.2609723,153.2609723,153.2609723,154.2601026,154.2601026,154.8947353,z,1,0.6231864,None,,,,,791104,1,2025-10-04_09h08.08.244,sequential_learning_ task 4,,2025.1.1,60.54749465,2025-10-04 09h08.12.821121 +0530
-50,x,60,0,15,x,1,0.284745,None,15,0,60,0,,,,,154.9115391,,154.8953373,154.9115391,155.8940313,155.8940313,155.8940313,155.8940313,155.9101693,156.8934288,156.8934288,157.1942453,x,1,0.284745,None,,,,,791104,1,2025-10-04_09h08.08.244,sequential_learning_ task 4,,2025.1.1,60.54749465,2025-10-04 09h08.12.821121 +0530
150,v,61,1,15,v,1,0.6007645,None,15,1,61,1,,,,,157.211289,,157.1949319,157.211289,158.1939227,158.1939227,158.1939227,158.1939227,158.2104699,159.1935323,159.1935323,159.8105891,v,1,0.6007645,None,,,,,791104,1,2025-10-04_09h08.08.244,sequential_learning_ task 4,,2025.1.1,60.54749465,2025-10-04 09h08.12.821121 +0530
50,c,62,2,15,c,1,0.5828269,None,15,2,62,2,,,,,159.8265317,,159.811262,159.8265317,160.8256134,160.8256134,160.8256134,160.8256134,160.8419512,161.8255926,161.8255926,162.4109291,c,1,0.5828269,None,,,,,791104,1,2025-10-04_09h08.08.244,sequential_learning_ task 4,,2025.1.1,60.54749465,2025-10-04 09h08.12.821121 +0530
-150,z,63,3,15,z,1,0.3637381,None,15,3,63,3,,,,,162.4267797,,162.4115467,162.4267797,163.4251381,163.4251381,163.4251381,163.4251381,163.4251381,164.4252887,164.4252887,164.7936826,z,1,0.3637381,None,,,,,791104,1,2025-10-04_09h08.08.244,sequential_learning_ task 4,,2025.1.1,60.54749465,2025-10-04 09h08.12.821121 +0530
-50,x,64,0,16,x,1,0.7926598,None,16,0,64,0,,,,,164.8090661,,164.7942868,164.8090661,165.8094296,165.8094296,165.8094296,165.8094296,165.8094296,166.8088741,166.8088741,167.6095876,x,1,0.7926598,None,,,,,791104,1,2025-10-04_09h08.08.244,sequential_learning_ task 4,,2025.1.1,60.54749465,2025-10-04 09h08.12.821121 +0530
150,v,65,1,16,v,1,0.6614316,None,16,1,65,1,,,,,167.6259477,,167.6102686,167.6259477,168.6089742,168.6089742,168.6089742,168.6089742,168.6255104,169.6249397,169.6249397,170.2929657,v,1,0.6614316,None,,,,,791104,1,2025-10-04_09h08.08.244,sequential_learning_ task 4,,2025.1.1,60.54749465,2025-10-04 09h08.12.821121 +0530
50,c,66,2,16,c,1,0.4789467,None,16,2,66,2,,,,,170.3087591,,170.2935891,170.3087591,171.3082205,171.3082205,171.3082205,171.3082205,171.3082205,172.3087028,172.3087028,172.7940951,c,1,0.4789467,None,,,,,791104,1,2025-10-04_09h08.08.244,sequential_learning_ task 4,,2025.1.1,60.54749465,2025-10-04 09h08.12.821121 +0530
-150,z,67,3,16,z,1,0.4969206,None,16,3,67,3,,,,,172.8080935,,172.7947322,172.8080935,173.8085375,173.8085375,173.8085375,173.8085375,173.8085375,174.807187,174.807187,175.3108924,z,1,0.4969206,None,,,,,791104,1,2025-10-04_09h08.08.244,sequential_learning_ task 4,,2025.1.1,60.54749465,2025-10-04 09h08.12.821121 +0530
-50,x,68,0,17,x,1,0.331479,None,17,0,68,0,,,,,175.3246603,,175.3115439,175.3246603,176.3243665,176.3243665,176.3243665,176.3243665,176.3243665,177.324322,177.324322,177.6587836,x,1,0.331479,None,,,,,791104,1,2025-10-04_09h08.08.244,sequential_learning_ task 4,,2025.1.1,60.54749465,2025-10-04 09h08.12.821121 +0530
150,v,69,1,17,v,1,0.566252,None,17,1,69,1,,,,,177.6741703,,177.6593693,177.6741703,178.656948,178.656948,178.656948,178.656948,178.6733347,179.6740837,179.6740837,180.2587889,v,1,0.566252,None,,,,,791104,1,2025-10-04_09h08.08.244,sequential_learning_ task 4,,2025.1.1,60.54749465,2025-10-04 09h08.12.821121 +0530
50,c,70,2,17,c,1,0.5711682,None,17,2,70,2,,,,,180.2731942,,180.2594048,180.2731942,181.2742824,181.2742824,181.2742824,181.2742824,181.2742824,182.2729646,182.2729646,182.8568896,c,1,0.5711682,None,,,,,791104,1,2025-10-04_09h08.08.244,sequential_learning_ task 4,,2025.1.1,60.54749465,2025-10-04 09h08.12.821121 +0530
-150,z,71,3,17,z,1,0.626237,None,17,3,71,3,,,,,182.8740104,,182.8575371,182.8740104,183.8556911,183.8556911,183.8556911,183.8556911,183.8897603,184.8565408,184.8565408,185.490791,z,1,0.626237,None,,,,,791104,1,2025-10-04_09h08.08.244,sequential_learning_ task 4,,2025.1.1,60.54749465,2025-10-04 09h08.12.821121 +0530
-50,x,72,0,18,x,1,0.3547231,None,18,0,72,0,,,,,185.505737,,185.4914096,185.505737,186.4900013,186.4900013,186.4900013,186.4900013,186.506131,187.4888464,187.4888464,187.8568688,x,1,0.3547231,None,,,,,791104,1,2025-10-04_09h08.08.244,sequential_learning_ task 4,,2025.1.1,60.54749465,2025-10-04 09h08.12.821121 +0530
150,v,73,1,18,v,1,0.5620922,None,18,1,73,1,,,,,187.8728384,,187.8574868,187.8728384,188.8567163,188.8567163,188.8567163,188.8567163,188.8734109,189.8564657,189.8564657,190.4225861,v,1,0.5620922,None,,,,,791104,1,2025-10-04_09h08.08.244,sequential_learning_ task 4,,2025.1.1,60.54749465,2025-10-04 09h08.12.821121 +0530
50,c,74,2,18,c,1,0.4096507,None,18,2,74,2,,,,,190.4396534,,190.4231168,190.4396534,191.4231876,191.4231876,191.4231876,191.4231876,191.4394207,192.4224172,192.4224172,192.8394221,c,1,0.4096507,None,,,,,791104,1,2025-10-04_09h08.08.244,sequential_learning_ task 4,,2025.1.1,60.54749465,2025-10-04 09h08.12.821121 +0530
-150,z,75,3,18,z,1,0.6199212,None,18,3,75,3,,,,,192.8550358,,192.8400251,192.8550358,193.8553305,193.8553305,193.8553305,193.8553305,193.8553305,194.8399395,194.8399395,195.4737821,z,1,0.6199212,None,,,,,791104,1,2025-10-04_09h08.08.244,sequential_learning_ task 4,,2025.1.1,60.54749465,2025-10-04 09h08.12.821121 +0530
-50,x,76,0,19,x,1,0.6038363,None,19,0,76,0,,,,,195.4887763,,195.4745103,195.4887763,196.4886065,196.4886065,196.4886065,196.4886065,196.4886065,197.4886677,197.4886677,198.1051869,x,1,0.6038363,None,,,,,791104,1,2025-10-04_09h08.08.244,sequential_learning_ task 4,,2025.1.1,60.54749465,2025-10-04 09h08.12.821121 +0530
150,v,77,1,19,v,1,0.4521088,None,19,1,77,1,,,,,198.1221102,,198.1058406,198.1221102,199.1050344,199.1050344,199.1050344,199.1050344,199.1220547,200.10457,200.10457,200.5753676,v,1,0.4521088,None,,,,,791104,1,2025-10-04_09h08.08.244,sequential_learning_ task 4,,2025.1.1,60.54749465,2025-10-04 09h08.12.821121 +0530
50,c,78,2,19,c,1,0.4569819,None,19,2,78,2,,,,,200.5871495,,200.5757853,200.5871495,201.5873969,201.5873969,201.5873969,201.5873969,201.5873969,202.5866845,202.5866845,203.0557617,c,1,0.4569819,None,,,,,791104,1,2025-10-04_09h08.08.244,sequential_learning_ task 4,,2025.1.1,60.54749465,2025-10-04 09h08.12.821121 +0530
-150,z,79,3,19,z,1,0.5987404,None,19,3,79,3,,,,,203.0711583,,203.0563543,203.0711583,204.0714789,204.0714789,204.0714789,204.0714789,204.0714789,205.0707641,205.0707641,205.6891746,z,1,0.5987404,None,,,,,791104,1,2025-10-04_09h08.08.244,sequential_learning_ task 4,,2025.1.1,60.54749465,2025-10-04 09h08.12.821121 +0530
-50,x,80,0,20,x,1,0.2918519,None,20,0,80,0,,,,,205.704518,,205.6898068,205.704518,206.704011,206.704011,206.704011,206.704011,206.704011,207.7034698,207.7034698,208.0042733,x,1,0.2918519,None,,,,,791104,1,2025-10-04_09h08.08.244,sequential_learning_ task 4,,2025.1.1,60.54749465,2025-10-04 09h08.12.821121 +0530
150,v,81,1,20,v,1,0.3534533,None,20,1,81,1,,,,,208.0196045,,208.0048674,208.0196045,209.0036929,209.0036929,209.0036929,209.0036929,209.0190635,210.0034924,210.0034924,210.3716793,v,1,0.3534533,None,,,,,791104,1,2025-10-04_09h08.08.244,sequential_learning_ task 4,,2025.1.1,60.54749465,2025-10-04 09h08.12.821121 +0530
50,c,82,2,20,c,1,0.4752841,None,20,2,82,2,,,,,210.3864538,,210.3723619,210.3864538,211.387035,211.387035,211.387035,211.387035,211.387035,212.386834,212.386834,212.8699006,c,1,0.4752841,None,,,,,791104,1,2025-10-04_09h08.08.244,sequential_learning_ task 4,,2025.1.1,60.54749465,2025-10-04 09h08.12.821121 +0530
-150,z,83,3,20,z,1,0.3293074,None,20,3,83,3,,,,,212.88621,,212.8704582,212.88621,213.8696525,213.8696525,213.8696525,213.8696525,213.886008,214.8865002,214.8865002,215.2216481,z,1,0.3293074,None,,,,,791104,1,2025-10-04_09h08.08.244,sequential_learning_ task 4,,2025.1.1,60.54749465,2025-10-04 09h08.12.821121 +0530
-50,x,84,0,21,x,1,0.2870146,None,21,0,84,0,,,,,215.2361817,,215.2224019,215.2361817,216.235628,216.235628,216.235628,216.235628,216.235628,217.2358868,217.2358868,217.5362655,x,1,0.2870146,None,,,,,791104,1,2025-10-04_09h08.08.244,sequential_learning_ task 4,,2025.1.1,60.54749465,2025-10-04 09h08.12.821121 +0530
150,v,85,1,21,v,1,0.4253512,None,21,1,85,1,,,,,217.5528462,,217.5368854,217.5528462,218.5361216,218.5361216,218.5361216,218.5361216,218.5526254,219.5358812,219.5358812,219.9689383,v,1,0.4253512,None,,,,,791104,1,2025-10-04_09h08.08.244,sequential_learning_ task 4,,2025.1.1,60.54749465,2025-10-04 09h08.12.821121 +0530
50,c,86,2,21,c,1,0.316976,None,21,2,86,2,,,,,219.9858636,,219.9695724,219.9858636,220.9689621,220.9689621,220.9689621,220.9689621,220.9854351,221.984188,221.984188,222.3029798,c,1,0.316976,None,,,,,791104,1,2025-10-04_09h08.08.244,sequential_learning_ task 4,,2025.1.1,60.54749465,2025-10-04 09h08.12.821121 +0530
-150,z,87,3,21,z,1,0.3196576,None,21,3,87,3,,,,,222.3183249,,222.3036192,222.3183249,223.3015725,223.3015725,223.3015725,223.3015725,223.3189702,224.3185519,224.3185519,224.6525741,z,1,0.3196576,None,,,,,791104,1,2025-10-04_09h08.08.244,sequential_learning_ task 4,,2025.1.1,60.54749465,2025-10-04 09h08.12.821121 +0530
-50,x,88,0,22,x,1,0.3105485,None,22,0,88,0,,,,,224.668161,,224.6532386,224.668161,225.6516449,225.6516449,225.6516449,225.6516449,225.6685857,226.668389,226.668389,226.9848775,x,1,0.3105485,None,,,,,791104,1,2025-10-04_09h08.08.244,sequential_learning_ task 4,,2025.1.1,60.54749465,2025-10-04 09h08.12.821121 +0530
150,v,89,1,22,v,1,0.7275438,None,22,1,89,1,,,,,227.0016638,,226.9855335,227.0016638,227.9844659,227.9844659,227.9844659,227.9844659,228.001608,228.9837225,228.9837225,229.7178425,v,1,0.7275438,None,,,,,791104,1,2025-10-04_09h08.08.244,sequential_learning_ task 4,,2025.1.1,60.54749465,2025-10-04 09h08.12.821121 +0530
50,c,90,2,22,c,1,0.3906231,None,22,2,90,2,,,,,229.7347608,,229.7183737,229.7347608,230.7328446,230.7328446,230.7328446,230.7328446,230.7500945,231.7174932,231.7174932,232.1199107,c,1,0.3906231,None,,,,,791104,1,2025-10-04_09h08.08.244,sequential_learning_ task 4,,2025.1.1,60.54749465,2025-10-04 09h08.12.821121 +0530
-150,z,91,3,22,z,1,0.7482259,None,22,3,91,3,,,,,232.1344473,,232.120679,232.1344473,233.1341546,233.1341546,233.1341546,233.1341546,233.1341546,234.1338714,234.1338714,234.8847244,z,1,0.7482259,None,,,,,791104,1,2025-10-04_09h08.08.244,sequential_learning_ task 4,,2025.1.1,60.54749465,2025-10-04 09h08.12.821121 +0530
-50,x,92,0,23,x,1,0.289028,None,23,0,92,0,,,,,234.9006246,,234.8853445,234.9006246,235.9001553,235.9001553,235.9001553,235.9001553,235.9001553,236.9000395,236.9000395,237.2003686,x,1,0.289028,None,,,,,791104,1,2025-10-04_09h08.08.244,sequential_learning_ task 4,,2025.1.1,60.54749465,2025-10-04 09h08.12.821121 +0530
150,v,93,1,23,v,1,0.3592882,None,23,1,93,1,,,,,237.2160271,,237.2009999,237.2160271,238.2005869,238.2005869,238.2005869,238.2005869,238.216192,239.2165298,239.2165298,239.5832577,v,1,0.3592882,None,,,,,791104,1,2025-10-04_09h08.08.244,sequential_learning_ task 4,,2025.1.1,60.54749465,2025-10-04 09h08.12.821121 +0530
50,c,94,2,23,c,1,0.2856544,None,23,2,94,2,,,,,239.6000351,,239.5838101,239.6000351,240.5832086,240.5832086,240.5832086,240.5832086,240.5999957,241.5829869,241.5829869,241.8835325,c,1,0.2856544,None,,,,,791104,1,2025-10-04_09h08.08.244,sequential_learning_ task 4,,2025.1.1,60.54749465,2025-10-04 09h08.12.821121 +0530
-150,z,95,3,23,z,1,0.6447471,None,23,3,95,3,,,,,241.8998688,,241.8841201,241.8998688,242.8995378,242.8995378,242.8995378,242.8995378,242.8995378,243.8817103,243.8817103,244.5342428,z,1,0.6447471,None,,,,,791104,1,2025-10-04_09h08.08.244,sequential_learning_ task 4,,2025.1.1,60.54749465,2025-10-04 09h08.12.821121 +0530
-50,x,96,0,24,x,1,0.4187387,None,24,0,96,0,,,,,244.5487332,,244.5348648,244.5487332,245.5492412,245.5492412,245.5492412,245.5492412,245.5492412,246.5489619,246.5489619,246.9829939,x,1,0.4187387,None,,,,,791104,1,2025-10-04_09h08.08.244,sequential_learning_ task 4,,2025.1.1,60.54749465,2025-10-04 09h08.12.821121 +0530
150,v,97,1,24,v,1,0.287073,None,24,1,97,1,,,,,246.9993529,,246.9836881,246.9993529,247.9818149,247.9818149,247.9818149,247.9818149,247.9983031,248.981288,248.981288,249.2828863,v,1,0.287073,None,,,,,791104,1,2025-10-04_09h08.08.244,sequential_learning_ task 4,,2025.1.1,60.54749465,2025-10-04 09h08.12.821121 +0530
50,c,98,2,24,c,1,0.2548367,None,24,2,98,2,,,,,249.2988268,,249.2834946,249.2988268,250.2822371,250.2822371,250.2822371,250.2822371,250.2972887,251.2812072,251.2812072,251.5496461,c,1,0.2548367,None,,,,,791104,1,2025-10-04_09h08.08.244,sequential_learning_ task 4,,2025.1.1,60.54749465,2025-10-04 09h08.12.821121 +0530
-150,z,99,3,24,z,1,0.2648976,None,24,3,99,3,,,,,251.564845,,251.5503227,251.564845,252.5646185,252.5646185,252.5646185,252.5646185,252.5646185,253.5648569,253.5648569,253.8329478,z,1,0.2648976,None,,,,,791104,1,2025-10-04_09h08.08.244,sequential_learning_ task 4,,2025.1.1,60.54749465,2025-10-04 09h08.12.821121 +0530
-150,z,0,0,0,z,1,0.7587,None,,,,,0,0,0,3,253.8802494,,253.8615224,253.8802494,254.8481542,254.8481542,254.8481542,254.8481542,254.8813558,255.8477187,255.8477187,256.6147422,,,,,z,1,0.7587,None,791104,1,2025-10-04_09h08.08.244,sequential_learning_ task 4,,2025.1.1,60.54749465,2025-10-04 09h08.12.821121 +0530
150,v,1,1,0,v,1,0.5927082,None,,,,,0,1,1,1,256.6312562,,256.6153772,256.6312562,257.6150424,257.6150424,257.6150424,257.6150424,257.6308081,258.6134067,258.6134067,259.2139414,,,,,v,1,0.5927082,None,791104,1,2025-10-04_09h08.08.244,sequential_learning_ task 4,,2025.1.1,60.54749465,2025-10-04 09h08.12.821121 +0530
-150,z,2,2,1,z,1,0.5409709,None,,,,,1,2,2,3,259.2307079,,259.2145093,259.2307079,260.2142738,260.2142738,260.2142738,260.2142738,260.2307242,261.2302383,261.2302383,261.7804966,,,,,z,1,0.5409709,None,791104,1,2025-10-04_09h08.08.244,sequential_learning_ task 4,,2025.1.1,60.54749465,2025-10-04 09h08.12.821121 +0530
150,v,3,3,1,v,1,0.5417782,None,,,,,1,3,3,1,261.7955661,,261.7811265,261.7955661,262.795551,262.795551,262.795551,262.795551,262.795551,263.7800185,263.7800185,264.3305655,,,,,v,1,0.5417782,None,791104,1,2025-10-04_09h08.08.244,sequential_learning_ task 4,,2025.1.1,60.54749465,2025-10-04 09h08.12.821121 +0530
-150,z,4,4,2,z,1,0.2953655,None,,,,,2,4,4,3,264.347025,,264.3311718,264.347025,265.3300141,265.3300141,265.3300141,265.3300141,265.3464387,266.3467106,266.3467106,266.6477889,,,,,z,1,0.2953655,None,791104,1,2025-10-04_09h08.08.244,sequential_learning_ task 4,,2025.1.1,60.54749465,2025-10-04 09h08.12.821121 +0530
-150,z,5,5,3,z,1,0.625801,None,,,,,3,5,5,3,266.6633826,,266.6487317,266.6633826,267.6465344,267.6465344,267.6465344,267.6465344,267.662958,268.6629133,268.6629133,269.2960519,,,,,z,1,0.625801,None,791104,1,2025-10-04_09h08.08.244,sequential_learning_ task 4,,2025.1.1,60.54749465,2025-10-04 09h08.12.821121 +0530
-50,x,6,6,0,x,1,0.3201704,None,,,,,0,6,6,0,269.31257,,269.2967455,269.31257,270.2959974,270.2959974,270.2959974,270.2959974,270.3126548,271.2959928,271.2959928,271.6299199,,,,,x,1,0.3201704,None,791104,1,2025-10-04_09h08.08.244,sequential_learning_ task 4,,2025.1.1,60.54749465,2025-10-04 09h08.12.821121 +0530
50,c,7,7,0,c,1,0.338311,None,,,,,0,7,7,2,271.6462309,,271.6305127,271.6462309,272.6454536,272.6454536,272.6454536,272.6454536,272.6454536,273.6438271,273.6438271,273.993795,,,,,c,1,0.338311,None,791104,1,2025-10-04_09h08.08.244,sequential_learning_ task 4,,2025.1.1,60.54749465,2025-10-04 09h08.12.821121 +0530
-50,x,8,8,1,x,1,0.6062552,None,,,,,1,8,8,0,274.0107242,,273.9940351,274.0107242,274.9951469,274.9951469,274.9951469,274.9951469,275.0117056,275.9952337,275.9952337,276.6113668,,,,,x,1,0.6062552,None,791104,1,2025-10-04_09h08.08.244,sequential_learning_ task 4,,2025.1.1,60.54749465,2025-10-04 09h08.12.821121 +0530
-50,x,9,9,2,x,1,0.6075483,None,,,,,2,9,9,0,276.6283571,,276.6123261,276.6283571,277.6133553,277.6133553,277.6133553,277.6133553,277.6282309,278.610998,278.610998,279.2274636,,,,,x,1,0.6075483,None,791104,1,2025-10-04_09h08.08.244,sequential_learning_ task 4,,2025.1.1,60.54749465,2025-10-04 09h08.12.821121 +0530
150,v,10,10,2,v,1,0.5387236,None,,,,,2,10,10,1,279.2437694,,279.2276451,279.2437694,280.2281238,280.2281238,280.2281238,280.2281238,280.2446302,281.2278237,281.2278237,281.7779555,,,,,v,1,0.5387236,None,791104,1,2025-10-04_09h08.08.244,sequential_learning_ task 4,,2025.1.1,60.54749465,2025-10-04 09h08.12.821121 +0530
50,c,11,11,1,c,1,0.6446559,None,,,,,1,11,11,2,281.7944095,,281.7785981,281.7944095,282.7930729,282.7930729,282.7930729,282.7930729,282.8094043,283.7773932,283.7773932,284.428553,,,,,c,1,0.6446559,None,791104,1,2025-10-04_09h08.08.244,sequential_learning_ task 4,,2025.1.1,60.54749465,2025-10-04 09h08.12.821121 +0530
150,v,12,12,3,v,1,0.6153119,None,,,,,3,12,12,1,284.4444701,,284.4292073,284.4444701,285.4439582,285.4439582,285.4439582,285.4439582,285.4439582,286.4443305,286.4443305,287.0612314,,,,,v,1,0.6153119,None,791104,1,2025-10-04_09h08.08.244,sequential_learning_ task 4,,2025.1.1,60.54749465,2025-10-04 09h08.12.821121 +0530
-150,z,13,13,4,z,1,0.4476292,None,,,,,4,13,13,3,287.0771249,,287.0619173,287.0771249,288.0767741,288.0767741,288.0767741,288.0767741,288.0767741,289.0603195,289.0603195,289.5107486,,,,,z,1,0.4476292,None,791104,1,2025-10-04_09h08.08.244,sequential_learning_ task 4,,2025.1.1,60.54749465,2025-10-04 09h08.12.821121 +0530
50,c,14,14,2,c,1,0.7177247,None,,,,,2,14,14,2,289.5266766,,289.51136,289.5266766,290.5102328,290.5102328,290.5102328,290.5102328,290.5270063,291.5259745,291.5259745,292.2456332,,,,,c,1,0.7177247,None,791104,1,2025-10-04_09h08.08.244,sequential_learning_ task 4,,2025.1.1,60.54749465,2025-10-04 09h08.12.821121 +0530
-50,x,15,15,3,x,1,0.6804375,None,,,,,3,15,15,0,292.2593423,,292.2461639,292.2593423,293.2588182,293.2588182,293.2588182,293.2588182,293.2588182,294.2592509,294.2592509,294.9442319,,,,,x,1,0.6804375,None,791104,1,2025-10-04_09h08.08.244,sequential_learning_ task 4,,2025.1.1,60.54749465,2025-10-04 09h08.12.821121 +0530
50,c,16,16,3,c,1,0.9326713,None,,,,,3,16,16,2,294.9592911,,294.9448725,294.9592911,295.9580272,295.9580272,295.9580272,295.9580272,295.9580272,296.958311,296.958311,297.8929329,,,,,c,1,0.9326713,None,791104,1,2025-10-04_09h08.08.244,sequential_learning_ task 4,,2025.1.1,60.54749465,2025-10-04 09h08.12.821121 +0530
150,v,17,17,4,v,1,0.9503389,None,,,,,4,17,17,1,297.9085024,,297.8936067,297.9085024,298.9087378,298.9087378,298.9087378,298.9087378,298.9087378,299.89224,299.89224,300.8587686,,,,,v,1,0.9503389,None,791104,1,2025-10-04_09h08.08.244,sequential_learning_ task 4,,2025.1.1,60.54749465,2025-10-04 09h08.12.821121 +0530
150,v,18,18,5,v,1,0.546209,None,,,,,5,18,18,1,300.8759886,,300.8594704,300.8759886,301.8587104,301.8587104,301.8587104,301.8587104,301.8753818,302.8571952,302.8571952,303.4095338,,,,,v,1,0.546209,None,791104,1,2025-10-04_09h08.08.244,sequential_learning_ task 4,,2025.1.1,60.54749465,2025-10-04 09h08.12.821121 +0530
50,c,19,19,4,c,1,0.4315335,None,,,,,4,19,19,2,303.4242687,,303.4101452,303.4242687,304.4247181,304.4247181,304.4247181,304.4247181,304.4247181,305.4247603,305.4247603,305.858679,,,,,c,1,0.4315335,None,791104,1,2025-10-04_09h08.08.244,sequential_learning_ task 4,,2025.1.1,60.54749465,2025-10-04 09h08.12.821121 +0530
50,c,20,20,5,c,1,0.7140749,None,,,,,5,20,20,2,305.874731,,305.8592323,305.874731,306.8575302,306.8575302,306.8575302,306.8575302,306.8744743,307.8725105,307.8725105,308.5925787,,,,,c,1,0.7140749,None,791104,1,2025-10-04_09h08.08.244,sequential_learning_ task 4,,2025.1.1,60.54749465,2025-10-04 09h08.12.821121 +0530
-150,z,21,21,5,z,1,0.3856163,None,,,,,5,21,21,3,308.6077522,,308.5931806,308.6077522,309.6074146,309.6074146,309.6074146,309.6074146,309.6074146,310.6065762,310.6065762,311.0086155,,,,,z,1,0.3856163,None,791104,1,2025-10-04_09h08.08.244,sequential_learning_ task 4,,2025.1.1,60.54749465,2025-10-04 09h08.12.821121 +0530
-150,z,22,22,6,z,1,0.6560829,None,,,,,6,22,22,3,311.0237322,,311.0092925,311.0237322,312.0237272,312.0237272,312.0237272,312.0237272,312.0237272,313.0231665,313.0231665,313.6910721,,,,,z,1,0.6560829,None,791104,1,2025-10-04_09h08.08.244,sequential_learning_ task 4,,2025.1.1,60.54749465,2025-10-04 09h08.12.821121 +0530
150,v,23,23,6,v,1,0.7134797,None,,,,,6,23,23,1,313.7067134,,313.6916987,313.7067134,314.6901175,314.6901175,314.6901175,314.6901175,314.7066132,315.7068068,315.7068068,316.4252589,,,,,v,1,0.7134797,None,791104,1,2025-10-04_09h08.08.244,sequential_learning_ task 4,,2025.1.1,60.54749465,2025-10-04 09h08.12.821121 +0530
-50,x,24,24,4,x,1,0.5533159,None,,,,,4,24,24,0,316.4396609,,316.4258999,316.4396609,317.4395972,317.4395972,317.4395972,317.4395972,317.4395972,318.4397113,318.4397113,319.0075962,,,,,x,1,0.5533159,None,791104,1,2025-10-04_09h08.08.244,sequential_learning_ task 4,,2025.1.1,60.54749465,2025-10-04 09h08.12.821121 +0530
50,c,25,25,6,c,1,0.3105257,None,,,,,6,25,25,2,319.0225369,,319.008257,319.0225369,320.0217804,320.0217804,320.0217804,320.0217804,320.0217804,321.022508,321.022508,321.3409781,,,,,c,1,0.3105257,None,791104,1,2025-10-04_09h08.08.244,sequential_learning_ task 4,,2025.1.1,60.54749465,2025-10-04 09h08.12.821121 +0530
-50,x,26,26,5,x,1,0.4719417,None,,,,,5,26,26,0,321.3557034,,321.3415755,321.3557034,322.3553838,322.3553838,322.3553838,322.3553838,322.3553838,323.3547848,323.3547848,323.8396741,,,,,x,1,0.4719417,None,791104,1,2025-10-04_09h08.08.244,sequential_learning_ task 4,,2025.1.1,60.54749465,2025-10-04 09h08.12.821121 +0530
150,v,27,27,7,v,1,0.5552082,None,,,,,7,27,27,1,323.8557563,,323.840394,323.8557563,324.839134,324.839134,324.839134,324.839134,324.8554666,325.8545877,325.8545877,326.4231498,,,,,v,1,0.5552082,None,791104,1,2025-10-04_09h08.08.244,sequential_learning_ task 4,,2025.1.1,60.54749465,2025-10-04 09h08.12.821121 +0530
50,c,28,28,7,c,1,0.8287213,None,,,,,7,28,28,2,326.4388822,,326.423889,326.4388822,327.4386361,327.4386361,327.4386361,327.4386361,327.4386361,328.4384051,328.4384051,329.2725457,,,,,c,1,0.8287213,None,791104,1,2025-10-04_09h08.08.244,sequential_learning_ task 4,,2025.1.1,60.54749465,2025-10-04 09h08.12.821121 +0530
150,v,29,29,8,v,1,0.6369467,None,,,,,8,29,29,1,329.2881264,,329.2733469,329.2881264,330.2715228,330.2715228,330.2715228,330.2715228,330.2883102,331.2878884,331.2878884,331.9381505,,,,,v,1,0.6369467,None,791104,1,2025-10-04_09h08.08.244,sequential_learning_ task 4,,2025.1.1,60.54749465,2025-10-04 09h08.12.821121 +0530
-50,x,30,30,6,x,1,0.6707523,None,,,,,6,30,30,0,331.9547857,,331.9386824,331.9547857,332.9381141,332.9381141,332.9381141,332.9381141,332.9538725,333.9376131,333.9376131,334.6219317,,,,,x,1,0.6707523,None,791104,1,2025-10-04_09h08.08.244,sequential_learning_ task 4,,2025.1.1,60.54749465,2025-10-04 09h08.12.821121 +0530
-150,z,31,31,7,z,1,0.7311274,None,,,,,7,31,31,3,334.6368562,,334.6225907,334.6368562,335.6378584,335.6378584,335.6378584,335.6378584,335.6378584,336.637726,336.637726,337.3717566,,,,,z,1,0.7311274,None,791104,1,2025-10-04_09h08.08.244,sequential_learning_ task 4,,2025.1.1,60.54749465,2025-10-04 09h08.12.821121 +0530
150,v,32,32,9,v,1,0.8030236,None,,,,,9,32,32,1,337.3875066,,337.3723736,337.3875066,338.387022,338.387022,338.387022,338.387022,338.387022,339.3870798,339.3870798,340.2047843,,,,,v,1,0.8030236,None,791104,1,2025-10-04_09h08.08.244,sequential_learning_ task 4,,2025.1.1,60.54749465,2025-10-04 09h08.12.821121 +0530
-50,x,33,33,7,x,1,0.5845808,None,,,,,7,33,33,0,340.2201887,,340.2056082,340.2201887,341.2201401,341.2201401,341.2201401,341.2201401,341.2201401,342.2202741,342.2202741,342.8211556,,,,,x,1,0.5845808,None,791104,1,2025-10-04_09h08.08.244,sequential_learning_ task 4,,2025.1.1,60.54749465,2025-10-04 09h08.12.821121 +0530
-150,z,34,34,8,z,1,0.6868658,None,,,,,8,34,34,3,342.8359514,,342.8219287,342.8359514,343.8353184,343.8353184,343.8353184,343.8353184,343.8353184,344.8366874,344.8366874,345.5372873,,,,,z,1,0.6868658,None,791104,1,2025-10-04_09h08.08.244,sequential_learning_ task 4,,2025.1.1,60.54749465,2025-10-04 09h08.12.821121 +0530
150,v,35,35,10,v,1,2.7591263,None,,,,,10,35,35,1,345.5528272,,345.5380656,345.5528272,346.5529329,346.5529329,346.5529329,346.5529329,346.5529329,347.5527695,347.5527695,350.3202531,,,,,v,1,2.7591263,None,791104,1,2025-10-04_09h08.08.244,sequential_learning_ task 4,,2025.1.1,60.54749465,2025-10-04 09h08.12.821121 +0530
150,v,36,36,11,v,1,0.6074353,None,,,,,11,36,36,1,350.3354176,,350.3209125,350.3354176,351.3355656,351.3355656,351.3355656,351.3355656,351.3355656,352.335638,352.335638,352.9517882,,,,,v,1,0.6074353,None,791104,1,2025-10-04_09h08.08.244,sequential_learning_ task 4,,2025.1.1,60.54749465,2025-10-04 09h08.12.821121 +0530
-150,z,37,37,9,z,1,0.4853261,None,,,,,9,37,37,3,352.9678467,,352.9520809,352.9678467,353.951782,353.951782,353.951782,353.951782,353.9682401,354.9518426,354.9518426,355.4511632,,,,,z,1,0.4853261,None,791104,1,2025-10-04_09h08.08.244,sequential_learning_ task 4,,2025.1.1,60.54749465,2025-10-04 09h08.12.821121 +0530
-150,z,38,38,10,z,1,0.4544992,None,,,,,10,38,38,3,355.4675488,,355.4519292,355.4675488,356.4503117,356.4503117,356.4503117,356.4503117,356.4682841,357.4512029,357.4512029,357.9192556,,,,,z,1,0.4544992,None,791104,1,2025-10-04_09h08.08.244,sequential_learning_ task 4,,2025.1.1,60.54749465,2025-10-04 09h08.12.821121 +0530
50,c,39,39,8,c,1,0.5330823,None,,,,,8,39,39,2,357.9347006,,357.9199265,357.9347006,358.934234,358.934234,358.934234,358.934234,358.934234,359.9344658,359.9344658,360.4853095,,,,,c,1,0.5330823,None,791104,1,2025-10-04_09h08.08.244,sequential_learning_ task 4,,2025.1.1,60.54749465,2025-10-04 09h08.12.821121 +0530
-50,x,40,40,8,x,1,0.5302638,None,,,,,8,40,40,0,360.5011301,,360.4859548,360.5011301,361.5007082,361.5007082,361.5007082,361.5007082,361.5007082,362.5004003,362.5004003,363.0358201,,,,,x,1,0.5302638,None,791104,1,2025-10-04_09h08.08.244,sequential_learning_ task 4,,2025.1.1,60.54749465,2025-10-04 09h08.12.821121 +0530
-50,x,41,41,9,x,1,0.5466863,None,,,,,9,41,41,0,363.0505016,,363.0364093,363.0505016,364.0507123,364.0507123,364.0507123,364.0507123,364.0507123,365.0501537,365.0501537,365.6021221,,,,,x,1,0.5466863,None,791104,1,2025-10-04_09h08.08.244,sequential_learning_ task 4,,2025.1.1,60.54749465,2025-10-04 09h08.12.821121 +0530
50,c,42,42,9,c,1,0.6790166,None,,,,,9,42,42,2,365.6160452,,365.6027549,365.6160452,366.6161444,366.6161444,366.6161444,366.6161444,366.6161444,367.6165795,367.6165795,368.3022252,,,,,c,1,0.6790166,None,791104,1,2025-10-04_09h08.08.244,sequential_learning_ task 4,,2025.1.1,60.54749465,2025-10-04 09h08.12.821121 +0530
-50,x,43,43,10,x,1,0.5368439,None,,,,,10,43,43,0,368.3165163,,368.3029668,368.3165163,369.315076,369.315076,369.315076,369.315076,369.315076,370.3159553,370.3159553,370.8677592,,,,,x,1,0.5368439,None,791104,1,2025-10-04_09h08.08.244,sequential_learning_ task 4,,2025.1.1,60.54749465,2025-10-04 09h08.12.821121 +0530
-150,z,44,44,11,z,1,0.6381922,None,,,,,11,44,44,3,370.882412,,370.8683713,370.882412,371.8828443,371.8828443,371.8828443,371.8828443,371.8828443,372.8816254,372.8816254,373.5333392,,,,,z,1,0.6381922,None,791104,1,2025-10-04_09h08.08.244,sequential_learning_ task 4,,2025.1.1,60.54749465,2025-10-04 09h08.12.821121 +0530
150,v,45,45,12,v,1,0.5566961,None,,,,,12,45,45,1,373.5502609,,373.5339982,373.5502609,374.532782,374.532782,374.532782,374.532782,374.5490082,375.5492547,375.5492547,376.1151011,,,,,v,1,0.5566961,None,791104,1,2025-10-04_09h08.08.244,sequential_learning_ task 4,,2025.1.1,60.54749465,2025-10-04 09h08.12.821121 +0530
50,c,46,46,10,c,1,0.5745929,None,,,,,10,46,46,2,376.1310613,,376.1154175,376.1310613,377.1163909,377.1163909,377.1163909,377.1163909,377.1322757,378.1307287,378.1307287,378.7157873,,,,,c,1,0.5745929,None,791104,1,2025-10-04_09h08.08.244,sequential_learning_ task 4,,2025.1.1,60.54749465,2025-10-04 09h08.12.821121 +0530
-50,x,47,47,11,x,1,0.3376044,None,,,,,11,47,47,0,378.731888,,378.7165996,378.731888,379.7155067,379.7155067,379.7155067,379.7155067,379.7318908,380.7149116,380.7149116,381.0663145,,,,,x,1,0.3376044,None,791104,1,2025-10-04_09h08.08.244,sequential_learning_ task 4,,2025.1.1,60.54749465,2025-10-04 09h08.12.821121 +0530
-150,z,48,48,12,z,1,0.4558893,None,,,,,12,48,48,3,381.0817431,,381.0670126,381.0817431,382.081611,382.081611,382.081611,382.081611,382.081611,383.0814325,383.0814325,383.5492387,,,,,z,1,0.4558893,None,791104,1,2025-10-04_09h08.08.244,sequential_learning_ task 4,,2025.1.1,60.54749465,2025-10-04 09h08.12.821121 +0530
-150,z,49,49,13,z,1,0.6786756,None,,,,,13,49,49,3,383.5645592,,383.5499875,383.5645592,384.5647594,384.5647594,384.5647594,384.5647594,384.5647594,385.5643988,385.5643988,386.2487923,,,,,z,1,0.6786756,None,791104,1,2025-10-04_09h08.08.244,sequential_learning_ task 4,,2025.1.1,60.54749465,2025-10-04 09h08.12.821121 +0530
150,v,50,50,13,v,1,0.4529641,None,,,,,13,50,50,1,386.2657686,,386.2493901,386.2657686,387.2639663,387.2639663,387.2639663,387.2639663,387.2806861,388.2638119,388.2638119,388.7314135,,,,,v,1,0.4529641,None,791104,1,2025-10-04_09h08.08.244,sequential_learning_ task 4,,2025.1.1,60.54749465,2025-10-04 09h08.12.821121 +0530
50,c,51,51,11,c,1,0.5676446,None,,,,,11,51,51,2,388.7477332,,388.7320265,388.7477332,389.7303777,389.7303777,389.7303777,389.7303777,389.7473434,390.7305012,390.7305012,391.3141302,,,,,c,1,0.5676446,None,791104,1,2025-10-04_09h08.08.244,sequential_learning_ task 4,,2025.1.1,60.54749465,2025-10-04 09h08.12.821121 +0530
-50,x,52,52,12,x,1,0.4560719,None,,,,,12,52,52,0,391.3299324,,391.3147264,391.3299324,392.3301364,392.3301364,392.3301364,392.3301364,392.3301364,393.3130084,393.3130084,393.7812283,,,,,x,1,0.4560719,None,791104,1,2025-10-04_09h08.08.244,sequential_learning_ task 4,,2025.1.1,60.54749465,2025-10-04 09h08.12.821121 +0530
-150,z,53,53,14,z,1,0.4022674,None,,,,,14,53,53,3,393.7966066,,393.7818456,393.7966066,394.7955506,394.7955506,394.7955506,394.7955506,394.7955506,395.79623,395.79623,396.214115,,,,,z,1,0.4022674,None,791104,1,2025-10-04_09h08.08.244,sequential_learning_ task 4,,2025.1.1,60.54749465,2025-10-04 09h08.12.821121 +0530
-150,z,54,54,15,z,1,0.8033333,None,,,,,15,54,54,3,396.2292963,,396.2147605,396.2292963,397.2296067,397.2296067,397.2296067,397.2296067,397.2296067,398.2293876,398.2293876,399.0458094,,,,,z,1,0.8033333,None,791104,1,2025-10-04_09h08.08.244,sequential_learning_ task 4,,2025.1.1,60.54749465,2025-10-04 09h08.12.821121 +0530
-50,x,55,55,13,x,1,0.8207043,None,,,,,13,55,55,0,399.0623426,,399.0463631,399.0623426,400.0455607,400.0455607,400.0455607,400.0455607,400.062714,401.0456946,401.0456946,401.8791612,,,,,x,1,0.8207043,None,791104,1,2025-10-04_09h08.08.244,sequential_learning_ task 4,,2025.1.1,60.54749465,2025-10-04 09h08.12.821121 +0530
50,c,56,56,12,c,1,0.5270506,None,,,,,12,56,56,2,401.8958998,,401.8797574,401.8958998,402.8937728,402.8937728,402.8937728,402.8937728,402.9104751,403.8785199,403.8785199,404.4111892,,,,,c,1,0.5270506,None,791104,1,2025-10-04_09h08.08.244,sequential_learning_ task 4,,2025.1.1,60.54749465,2025-10-04 09h08.12.821121 +0530
50,c,57,57,13,c,1,0.7143826,None,,,,,13,57,57,2,404.4272987,,404.4115616,404.4272987,405.411423,405.411423,405.411423,405.411423,405.4280082,406.4119165,406.4119165,407.1309736,,,,,c,1,0.7143826,None,791104,1,2025-10-04_09h08.08.244,sequential_learning_ task 4,,2025.1.1,60.54749465,2025-10-04 09h08.12.821121 +0530
50,c,58,58,14,c,1,0.561483,None,,,,,14,58,58,2,407.1445073,,407.1316725,407.1445073,408.1468374,408.1468374,408.1468374,408.1468374,408.1468374,409.1445624,409.1445624,409.7110945,,,,,c,1,0.561483,None,791104,1,2025-10-04_09h08.08.244,sequential_learning_ task 4,,2025.1.1,60.54749465,2025-10-04 09h08.12.821121 +0530
-50,x,59,59,14,x,1,0.7067866,None,,,,,14,59,59,0,409.7268014,,409.7118345,409.7268014,410.711687,410.711687,410.711687,410.711687,410.7277413,411.711535,411.711535,412.4280072,,,,,x,1,0.7067866,None,791104,1,2025-10-04_09h08.08.244,sequential_learning_ task 4,,2025.1.1,60.54749465,2025-10-04 09h08.12.821121 +0530
50,c,60,60,15,c,1,1.7971237,None,,,,,15,60,60,2,412.4445497,,412.4286178,412.4445497,413.429069,413.429069,413.429069,413.429069,413.4445705,414.442883,414.442883,416.2450006,,,,,c,1,1.7971237,None,791104,1,2025-10-04_09h08.08.244,sequential_learning_ task 4,,2025.1.1,60.54749465,2025-10-04 09h08.12.821121 +0530
-50,x,61,61,15,x,1,0.5438997,None,,,,,15,61,61,0,416.2603505,,416.2456193,416.2603505,417.260536,417.260536,417.260536,417.260536,417.260536,418.2603054,418.2603054,418.8110708,,,,,x,1,0.5438997,None,791104,1,2025-10-04_09h08.08.244,sequential_learning_ task 4,,2025.1.1,60.54749465,2025-10-04 09h08.12.821121 +0530
-150,z,62,62,16,z,1,0.5957487,None,,,,,16,62,62,3,418.8264068,,418.81175,418.8264068,419.8265033,419.8265033,419.8265033,419.8265033,419.8265033,420.8264759,420.8264759,421.4281509,,,,,z,1,0.5957487,None,791104,1,2025-10-04_09h08.08.244,sequential_learning_ task 4,,2025.1.1,60.54749465,2025-10-04 09h08.12.821121 +0530
-50,x,63,63,16,x,1,0.4809019,None,,,,,16,63,63,0,421.4426391,,421.4288442,421.4426391,422.4429785,422.4429785,422.4429785,422.4429785,422.4429785,423.4265409,423.4265409,423.9271384,,,,,x,1,0.4809019,None,791104,1,2025-10-04_09h08.08.244,sequential_learning_ task 4,,2025.1.1,60.54749465,2025-10-04 09h08.12.821121 +0530
50,c,64,64,16,c,1,0.4404784,None,,,,,16,64,64,2,423.9431022,,423.9277224,423.9431022,424.9425177,424.9425177,424.9425177,424.9425177,424.9425177,425.942453,425.942453,426.3932516,,,,,c,1,0.4404784,None,791104,1,2025-10-04_09h08.08.244,sequential_learning_ task 4,,2025.1.1,60.54749465,2025-10-04 09h08.12.821121 +0530
-150,z,65,65,17,z,1,0.6702432,None,,,,,17,65,65,3,426.4094207,,426.3940814,426.4094207,427.3927775,427.3927775,427.3927775,427.3927775,427.4088566,428.4094287,428.4094287,429.0935768,,,,,z,1,0.6702432,None,791104,1,2025-10-04_09h08.08.244,sequential_learning_ task 4,,2025.1.1,60.54749465,2025-10-04 09h08.12.821121 +0530
-50,x,66,66,17,x,1,0.4144304,None,,,,,17,66,66,0,429.1090703,,429.0942211,429.1090703,430.108782,430.108782,430.108782,430.108782,430.108782,431.1087735,431.1087735,431.5275447,,,,,x,1,0.4144304,None,791104,1,2025-10-04_09h08.08.244,sequential_learning_ task 4,,2025.1.1,60.54749465,2025-10-04 09h08.12.821121 +0530
50,c,67,67,17,c,1,0.438861,None,,,,,17,67,67,2,431.5411419,,431.5281011,431.5411419,432.5419477,432.5419477,432.5419477,432.5419477,432.5419477,433.5412765,433.5412765,433.9936478,,,,,c,1,0.438861,None,791104,1,2025-10-04_09h08.08.244,sequential_learning_ task 4,,2025.1.1,60.54749465,2025-10-04 09h08.12.821121 +0530
-50,x,68,68,18,x,1,0.7561802,None,,,,,18,68,68,0,434.008112,,433.9942953,434.008112,435.0076502,435.0076502,435.0076502,435.0076502,435.0076502,436.0079513,436.0079513,436.7753501,,,,,x,1,0.7561802,None,791104,1,2025-10-04_09h08.08.244,sequential_learning_ task 4,,2025.1.1,60.54749465,2025-10-04 09h08.12.821121 +0530
150,v,69,69,14,v,1,0.6102799,None,,,,,14,69,69,1,436.7911955,,436.7759955,436.7911955,437.7743394,437.7743394,437.7743394,437.7743394,437.7912507,438.7908917,438.7908917,439.4071232,,,,,v,1,0.6102799,None,791104,1,2025-10-04_09h08.08.244,sequential_learning_ task 4,,2025.1.1,60.54749465,2025-10-04 09h08.12.821121 +0530
-50,x,70,70,19,x,1,0.8286127,None,,,,,19,70,70,0,439.423362,,439.4077308,439.423362,440.4074516,440.4074516,440.4074516,440.4074516,440.4244912,441.4065412,441.4065412,442.2412886,,,,,x,1,0.8286127,None,791104,1,2025-10-04_09h08.08.244,sequential_learning_ task 4,,2025.1.1,60.54749465,2025-10-04 09h08.12.821121 +0530
-150,z,71,71,18,z,1,0.5332073,None,,,,,18,71,71,3,442.2573267,,442.2419409,442.2573267,443.2568123,443.2568123,443.2568123,443.2568123,443.2568123,444.25547,444.25547,444.7915596,,,,,z,1,0.5332073,None,791104,1,2025-10-04_09h08.08.244,sequential_learning_ task 4,,2025.1.1,60.54749465,2025-10-04 09h08.12.821121 +0530
-150,z,72,72,19,x,0,0.3282179,None,,,,,19,72,72,3,444.8065399,,444.7923101,444.8065399,445.8065559,445.8065559,445.8065559,445.8065559,445.8065559,446.8060284,446.8060284,447.140891,,,,,x,0,0.3282179,None,791104,1,2025-10-04_09h08.08.244,sequential_learning_ task 4,,2025.1.1,60.54749465,2025-10-04 09h08.12.821121 +0530
-50,x,73,73,20,x,1,0.496125,None,,,,,20,73,73,0,447.1568706,,447.1415139,447.1568706,448.156218,448.156218,448.156218,448.156218,448.156218,449.156435,449.156435,449.6572889,,,,,x,1,0.496125,None,791104,1,2025-10-04_09h08.08.244,sequential_learning_ task 4,,2025.1.1,60.54749465,2025-10-04 09h08.12.821121 +0530
-150,z,74,74,20,z,1,0.6319018,None,,,,,20,74,74,3,449.6725801,,449.657932,449.6725801,450.6738979,450.6738979,450.6738979,450.6738979,450.6738979,451.6726908,451.6726908,452.3065148,,,,,z,1,0.6319018,None,791104,1,2025-10-04_09h08.08.244,sequential_learning_ task 4,,2025.1.1,60.54749465,2025-10-04 09h08.12.821121 +0530
-50,x,75,75,21,x,1,0.3029563,None,,,,,21,75,75,0,452.3223903,,452.3071559,452.3223903,453.3052531,453.3052531,453.3052531,453.3052531,453.3215847,454.3218827,454.3218827,454.6401128,,,,,x,1,0.3029563,None,791104,1,2025-10-04_09h08.08.244,sequential_learning_ task 4,,2025.1.1,60.54749465,2025-10-04 09h08.12.821121 +0530
50,c,76,76,18,c,1,0.3891032,None,,,,,18,76,76,2,454.6553062,,454.6412645,454.6553062,455.6551187,455.6551187,455.6551187,455.6551187,455.6551187,456.6555116,456.6555116,457.0552878,,,,,c,1,0.3891032,None,791104,1,2025-10-04_09h08.08.244,sequential_learning_ task 4,,2025.1.1,60.54749465,2025-10-04 09h08.12.821121 +0530
150,v,77,77,15,v,1,0.5883444,None,,,,,15,77,77,1,457.0720036,,457.0558389,457.0720036,458.055237,458.055237,458.055237,458.055237,458.0718378,459.0551711,459.0551711,459.6558291,,,,,v,1,0.5883444,None,791104,1,2025-10-04_09h08.08.244,sequential_learning_ task 4,,2025.1.1,60.54749465,2025-10-04 09h08.12.821121 +0530
-50,x,78,78,22,x,1,0.8073635,None,,,,,22,78,78,0,459.6714732,,459.6564558,459.6714732,460.6551469,460.6551469,460.6551469,460.6551469,460.6715595,461.6715343,461.6715343,462.4880791,,,,,x,1,0.8073635,None,791104,1,2025-10-04_09h08.08.244,sequential_learning_ task 4,,2025.1.1,60.54749465,2025-10-04 09h08.12.821121 +0530
150,v,79,79,16,c,0,0.9224663,None,,,,,16,79,79,1,462.5047316,,462.4886775,462.5047316,463.4886509,463.4886509,463.4886509,463.4886509,463.5043112,464.4876892,464.4876892,465.4214409,,,,,c,0,0.9224663,None,791104,1,2025-10-04_09h08.08.244,sequential_learning_ task 4,,2025.1.1,60.54749465,2025-10-04 09h08.12.821121 +0530
-150,z,80,80,21,z,1,1.3483934,None,,,,,21,80,80,3,465.4363148,,465.4221512,465.4363148,466.437327,466.437327,466.437327,466.437327,466.437327,467.4202291,467.4202291,468.7719157,,,,,z,1,1.3483934,None,791104,1,2025-10-04_09h08.08.244,sequential_learning_ task 4,,2025.1.1,60.54749465,2025-10-04 09h08.12.821121 +0530
-150,z,81,81,22,x,0,1.0306636,None,,,,,22,81,81,3,468.7871186,,468.7725582,468.7871186,469.7865748,469.7865748,469.7865748,469.7865748,469.7865748,470.7857555,470.7857555,471.8216644,,,,,x,0,1.0306636,None,791104,1,2025-10-04_09h08.08.244,sequential_learning_ task 4,,2025.1.1,60.54749465,2025-10-04 09h08.12.821121 +0530
150,v,82,82,17,v,1,0.6804405,None,,,,,17,82,82,1,471.836507,,471.8224145,471.836507,472.8365644,472.8365644,472.8365644,472.8365644,472.8365644,473.836836,473.836836,474.5246366,,,,,v,1,0.6804405,None,791104,1,2025-10-04_09h08.08.244,sequential_learning_ task 4,,2025.1.1,60.54749465,2025-10-04 09h08.12.821121 +0530
-50,x,83,83,23,x,1,0.8475171,None,,,,,23,83,83,0,474.5354653,,474.5252208,474.5354653,475.536424,475.536424,475.536424,475.536424,475.536424,476.5361291,476.5361291,477.3855074,,,,,x,1,0.8475171,None,791104,1,2025-10-04_09h08.08.244,sequential_learning_ task 4,,2025.1.1,60.54749465,2025-10-04 09h08.12.821121 +0530
150,v,84,84,18,v,1,0.5327564,None,,,,,18,84,84,1,477.4028007,,477.3861454,477.4028007,478.385794,478.385794,478.385794,478.385794,478.4022988,479.3858834,479.3858834,479.9360471,,,,,v,1,0.5327564,None,791104,1,2025-10-04_09h08.08.244,sequential_learning_ task 4,,2025.1.1,60.54749465,2025-10-04 09h08.12.821121 +0530
50,c,85,85,19,c,1,0.4065765,None,,,,,19,85,85,2,479.9524963,,479.9366739,479.9524963,480.9351694,480.9351694,480.9351694,480.9351694,480.9506585,481.9356,481.9356,482.3526838,,,,,c,1,0.4065765,None,791104,1,2025-10-04_09h08.08.244,sequential_learning_ task 4,,2025.1.1,60.54749465,2025-10-04 09h08.12.821121 +0530
-50,x,86,86,24,x,1,0.8391395,None,,,,,24,86,86,0,482.3683346,,482.3534835,482.3683346,483.351668,483.351668,483.351668,483.351668,483.3682389,484.3502859,484.3502859,485.2027232,,,,,x,1,0.8391395,None,791104,1,2025-10-04_09h08.08.244,sequential_learning_ task 4,,2025.1.1,60.54749465,2025-10-04 09h08.12.821121 +0530
50,c,87,87,20,c,1,0.8278486,None,,,,,20,87,87,2,485.2173595,,485.203335,485.2173595,486.2184603,486.2184603,486.2184603,486.2184603,486.2184603,487.2192133,487.2192133,488.0525049,,,,,c,1,0.8278486,None,791104,1,2025-10-04_09h08.08.244,sequential_learning_ task 4,,2025.1.1,60.54749465,2025-10-04 09h08.12.821121 +0530
150,v,88,88,19,v,1,0.7857732,None,,,,,19,88,88,1,488.0671758,,488.0531883,488.0671758,489.0666018,489.0666018,489.0666018,489.0666018,489.0666018,490.0676671,490.0676671,490.8673892,,,,,v,1,0.7857732,None,791104,1,2025-10-04_09h08.08.244,sequential_learning_ task 4,,2025.1.1,60.54749465,2025-10-04 09h08.12.821121 +0530
150,v,89,89,20,v,1,0.6372359,None,,,,,20,89,89,1,490.8845584,,490.8684027,490.8845584,491.8675272,491.8675272,491.8675272,491.8675272,491.8835088,492.8672577,492.8672577,493.5184881,,,,,v,1,0.6372359,None,791104,1,2025-10-04_09h08.08.244,sequential_learning_ task 4,,2025.1.1,60.54749465,2025-10-04 09h08.12.821121 +0530
150,v,90,90,21,v,1,0.5573266,None,,,,,21,90,90,1,493.5337086,,493.5192036,493.5337086,494.5336316,494.5336316,494.5336316,494.5336316,494.5336316,495.5340086,495.5340086,496.100063,,,,,v,1,0.5573266,None,791104,1,2025-10-04_09h08.08.244,sequential_learning_ task 4,,2025.1.1,60.54749465,2025-10-04 09h08.12.821121 +0530
-150,z,91,91,23,z,1,0.5167385,None,,,,,23,91,91,3,496.1170072,,496.1005942,496.1170072,497.1001063,497.1001063,497.1001063,497.1001063,497.1165645,498.1002405,498.1002405,498.63416,,,,,z,1,0.5167385,None,791104,1,2025-10-04_09h08.08.244,sequential_learning_ task 4,,2025.1.1,60.54749465,2025-10-04 09h08.12.821121 +0530
150,v,92,92,22,v,1,0.3150126,None,,,,,22,92,92,1,498.6498708,,498.6348804,498.6498708,499.6500231,499.6500231,499.6500231,499.6500231,499.6500231,500.6496415,500.6496415,500.9673592,,,,,v,1,0.3150126,None,791104,1,2025-10-04_09h08.08.244,sequential_learning_ task 4,,2025.1.1,60.54749465,2025-10-04 09h08.12.821121 +0530
50,c,93,93,21,c,1,0.5520295,None,,,,,21,93,93,2,500.9822035,,500.9679492,500.9822035,501.983334,501.983334,501.983334,501.983334,501.983334,502.9819957,502.9819957,503.5500792,,,,,c,1,0.5520295,None,791104,1,2025-10-04_09h08.08.244,sequential_learning_ task 4,,2025.1.1,60.54749465,2025-10-04 09h08.12.821121 +0530
150,v,94,94,23,v,1,1.0319616,None,,,,,23,94,94,1,503.5658777,,503.550787,503.5658777,504.5494125,504.5494125,504.5494125,504.5494125,504.5659153,505.5490899,505.5490899,506.5830488,,,,,v,1,1.0319616,None,791104,1,2025-10-04_09h08.08.244,sequential_learning_ task 4,,2025.1.1,60.54749465,2025-10-04 09h08.12.821121 +0530
-150,z,95,95,24,z,1,0.4968696,None,,,,,24,95,95,3,506.598851,,506.5836413,506.598851,507.5996057,507.5996057,507.5996057,507.5996057,507.5996057,508.598529,508.598529,509.0998569,,,,,z,1,0.4968696,None,791104,1,2025-10-04_09h08.08.244,sequential_learning_ task 4,,2025.1.1,60.54749465,2025-10-04 09h08.12.821121 +0530
150,v,96,96,24,v,1,0.6120779,None,,,,,24,96,96,1,509.1141539,,509.1006834,509.1141539,510.1141121,510.1141121,510.1141121,510.1141121,510.1141121,511.1147216,511.1147216,511.7324654,,,,,v,1,0.6120779,None,791104,1,2025-10-04_09h08.08.244,sequential_learning_ task 4,,2025.1.1,60.54749465,2025-10-04 09h08.12.821121 +0530
50,c,97,97,22,c,1,0.4972972,None,,,,,22,97,97,2,511.7477906,,511.7332469,511.7477906,512.7479248,512.7479248,512.7479248,512.7479248,512.7479248,513.7313241,513.7313241,514.2311114,,,,,c,1,0.4972972,None,791104,1,2025-10-04_09h08.08.244,sequential_learning_ task 4,,2025.1.1,60.54749465,2025-10-04 09h08.12.821121 +0530
50,c,98,98,23,c,1,0.5714115,None,,,,,23,98,98,2,514.2478614,,514.2317934,514.2478614,515.2309461,515.2309461,515.2309461,515.2309461,515.2471854,516.2306765,516.2306765,516.8138836,,,,,c,1,0.5714115,None,791104,1,2025-10-04_09h08.08.244,sequential_learning_ task 4,,2025.1.1,60.54749465,2025-10-04 09h08.12.821121 +0530
50,c,99,99,24,c,1,0.5515399,None,,,,,24,99,99,2,516.8315243,,516.8144823,516.8315243,517.8139042,517.8139042,517.8139042,517.8139042,517.831161,518.8138027,518.8138027,519.3811514,,,,,c,1,0.5515399,None,791104,1,2025-10-04_09h08.08.244,sequential_learning_ task 4,,2025.1.1,60.54749465,2025-10-04 09h08.12.821121 +0530
