thisN,thisTrialN,thisRepN,mouse.x,mouse.y,mouse.leftButton,mouse.midButton,mouse.rightButton,mouse.time,mouse.clicked_name,trials.thisRepN,trials.thisTrialN,trials.thisN,trials.thisIndex,thisRow.t,notes,num_distr,trial.started,fixation.started,target.started,mouse.started,trial.stopped,trials.mouse.x,trials.mouse.y,trials.mouse.leftButton,trials.mouse.midButton,trials.mouse.rightButton,trials.mouse.time,trials.mouse.clicked_name,participant,session,date,expName,expVersion,psychopyVersion,frameRate,expStart
0,0,0,[np.float64(0.03333333333333333)],[np.float64(0.22037037037037038)],[1],[0],[0],[2.263606599997729],['target'],0,0,0,0,0.0205908,,5,0.0151698,0.0205908,0.0205908,0.0151866,2.2788339,[np.float64(0.03333333333333333)],[np.float64(0.22037037037037038)],[1],[0],[0],[2.263606599997729],['target'],981210,1,2025-10-02_03h38.00.805,untitled,,2025.1.1,60.0824331,2025-10-02 03h38.06.095139 +0530
1,0,1,[np.float64(-0.375)],[np.float64(-0.15833333333333333)],[1],[0],[0],[2.77987289999146],['target'],1,0,1,0,2.3013774,,10,2.2948547,2.3013774,2.3013774,0.0159398,5.0747748,[np.float64(-0.375)],[np.float64(-0.15833333333333333)],[1],[0],[0],[2.77987289999146],['target'],981210,1,2025-10-02_03h38.00.805,untitled,,2025.1.1,60.0824331,2025-10-02 03h38.06.095139 +0530
2,0,2,[np.float64(0.412962962962963)],[np.float64(-0.08333333333333333)],[1],[0],[0],[2.094963800002006],['target'],2,0,2,0,5.0891144,,5,5.0825953,5.0891144,5.0891144,0.0077283,7.1776861,[np.float64(0.412962962962963)],[np.float64(-0.08333333333333333)],[1],[0],[0],[2.094963800002006],['target'],981210,1,2025-10-02_03h38.00.805,untitled,,2025.1.1,60.0824331,2025-10-02 03h38.06.095139 +0530
3,0,3,[np.float64(-0.13703703703703704)],[np.float64(0.2675925925925926)],[1],[0],[0],[1.4951763999997638],['target'],3,0,3,0,7.2047944,,5,7.1964473,7.2047944,7.2047944,0.0185218,8.691732,[np.float64(-0.13703703703703704)],[np.float64(0.2675925925925926)],[1],[0],[0],[1.4951763999997638],['target'],981210,1,2025-10-02_03h38.00.805,untitled,,2025.1.1,60.0824331,2025-10-02 03h38.06.095139 +0530
4,0,4,[np.float64(-0.32685185185185184)],[np.float64(0.05092592592592592)],[1],[0],[0],[2.0253387999982806],['target'],4,0,4,0,8.7232853,,10,8.7167544,8.7232853,8.7232853,0.0248073,10.7422139,[np.float64(-0.32685185185185184)],[np.float64(0.05092592592592592)],[1],[0],[0],[2.0253387999982806],['target'],981210,1,2025-10-02_03h38.00.805,untitled,,2025.1.1,60.0824331,2025-10-02 03h38.06.095139 +0530
5,0,5,[np.float64(0.3351851851851852)],[np.float64(0.26296296296296295)],[1],[0],[0],[1.8430194999964442],['target'],5,0,5,0,10.7723582,,10,10.7644945,10.7723582,10.7723582,0.0220278,12.6076842,[np.float64(0.3351851851851852)],[np.float64(0.26296296296296295)],[1],[0],[0],[1.8430194999964442],['target'],981210,1,2025-10-02_03h38.00.805,untitled,,2025.1.1,60.0824331,2025-10-02 03h38.06.095139 +0530
6,0,6,[np.float64(0.19166666666666668)],[np.float64(0.05740740740740741)],[1],[0],[0],[1.7607073999970453],['target'],6,0,6,0,12.641981,,10,12.6328765,12.641981,12.641981,0.0248314,14.3937362,[np.float64(0.19166666666666668)],[np.float64(0.05740740740740741)],[1],[0],[0],[1.7607073999970453],['target'],981210,1,2025-10-02_03h38.00.805,untitled,,2025.1.1,60.0824331,2025-10-02 03h38.06.095139 +0530
7,0,7,"[np.float64(0.44074074074074077), np.float64(0.4222222222222222), np.float64(0.4222222222222222), np.float64(0.42962962962962964)]","[np.float64(0.3851851851851852), np.float64(0.39537037037037037), np.float64(0.39537037037037037), np.float64(0.4009259259259259)]","[1, 1, 1, 1]","[0, 0, 0, 0]","[0, 0, 0, 0]","[2.8930876000085846, 3.8705300000001444, 4.587291000003461, 5.520576800001436]","[None, None, None, 'target']",7,0,7,0,14.4254589,,10,14.4186362,14.4254589,14.4254589,0.0245718,19.9393293,"[np.float64(0.44074074074074077), np.float64(0.4222222222222222), np.float64(0.4222222222222222), np.float64(0.42962962962962964)]","[np.float64(0.3851851851851852), np.float64(0.39537037037037037), np.float64(0.39537037037037037), np.float64(0.4009259259259259)]","[1, 1, 1, 1]","[0, 0, 0, 0]","[0, 0, 0, 0]","[2.8930876000085846, 3.8705300000001444, 4.587291000003461, 5.520576800001436]","[None, None, None, 'target']",981210,1,2025-10-02_03h38.00.805,untitled,,2025.1.1,60.0824331,2025-10-02 03h38.06.095139 +0530
8,0,8,[np.float64(-0.29074074074074074)],[np.float64(-0.053703703703703705)],[1],[0],[0],[1.8133311999990838],['target'],8,0,8,0,19.9678119,,10,19.960881,19.9678119,19.9678119,0.0212285,21.7743442,[np.float64(-0.29074074074074074)],[np.float64(-0.053703703703703705)],[1],[0],[0],[1.8133311999990838],['target'],981210,1,2025-10-02_03h38.00.805,untitled,,2025.1.1,60.0824331,2025-10-02 03h38.06.095139 +0530
9,0,9,[np.float64(-0.023148148148148147)],[np.float64(-0.39351851851851855)],[1],[0],[0],[1.8147500000050059],['target'],9,0,9,0,21.8159116,,10,21.8078614,21.8159116,21.8159116,0.0332078,23.6228215,[np.float64(-0.023148148148148147)],[np.float64(-0.39351851851851855)],[1],[0],[0],[1.8147500000050059],['target'],981210,1,2025-10-02_03h38.00.805,untitled,,2025.1.1,60.0824331,2025-10-02 03h38.06.095139 +0530
10,0,10,[np.float64(0.04537037037037037)],[np.float64(-0.3888888888888889)],[1],[0],[0],[1.4495216000068467],['target'],10,0,10,0,23.648616,,5,23.640893,23.648616,23.648616,0.0177223,25.0904777,[np.float64(0.04537037037037037)],[np.float64(-0.3888888888888889)],[1],[0],[0],[1.4495216000068467],['target'],981210,1,2025-10-02_03h38.00.805,untitled,,2025.1.1,60.0824331,2025-10-02 03h38.06.095139 +0530
11,0,11,[np.float64(-0.008333333333333333)],[np.float64(-0.46111111111111114)],[1],[0],[0],[1.6662466999987373],['target'],11,0,11,0,25.1157238,,5,25.1075881,25.1157238,25.1157238,0.0169761,26.773939,[np.float64(-0.008333333333333333)],[np.float64(-0.46111111111111114)],[1],[0],[0],[1.6662466999987373],['target'],981210,1,2025-10-02_03h38.00.805,untitled,,2025.1.1,60.0824331,2025-10-02 03h38.06.095139 +0530
12,0,12,[np.float64(0.20833333333333334)],[np.float64(-0.25555555555555554)],[1],[0],[0],[1.555676299991319],['target'],12,0,12,0,26.8087405,,10,26.8012707,26.8087405,26.8087405,0.0271268,28.3570459,[np.float64(0.20833333333333334)],[np.float64(-0.25555555555555554)],[1],[0],[0],[1.555676299991319],['target'],981210,1,2025-10-02_03h38.00.805,untitled,,2025.1.1,60.0824331,2025-10-02 03h38.06.095139 +0530
13,0,13,[np.float64(0.40185185185185185)],[np.float64(0.22592592592592592)],[1],[0],[0],[2.000871099997312],['target'],13,0,13,0,28.3994242,,10,28.3866163,28.3994242,28.3994242,0.0293739,30.3875916,[np.float64(0.40185185185185185)],[np.float64(0.22592592592592592)],[1],[0],[0],[2.000871099997312],['target'],981210,1,2025-10-02_03h38.00.805,untitled,,2025.1.1,60.0824331,2025-10-02 03h38.06.095139 +0530
14,0,14,[np.float64(0.1425925925925926)],[np.float64(-0.04537037037037037)],[1],[0],[0],[1.361628999991808],['target'],14,0,14,0,30.4205092,,10,30.4133148,30.4205092,30.4205092,0.0254812,31.775048,[np.float64(0.1425925925925926)],[np.float64(-0.04537037037037037)],[1],[0],[0],[1.361628999991808],['target'],981210,1,2025-10-02_03h38.00.805,untitled,,2025.1.1,60.0824331,2025-10-02 03h38.06.095139 +0530
15,0,15,"[np.float64(-0.31666666666666665), np.float64(-0.3101851851851852)]","[np.float64(0.14629629629629629), np.float64(0.15648148148148147)]","[1, 1]","[0, 0]","[0, 0]","[1.9410468999994919, 2.9538442000048235]","[None, 'target']",15,0,15,0,31.8075129,,10,31.8002615,31.8075129,31.8075129,0.0250009,34.7542933,"[np.float64(-0.31666666666666665), np.float64(-0.3101851851851852)]","[np.float64(0.14629629629629629), np.float64(0.15648148148148147)]","[1, 1]","[0, 0]","[0, 0]","[1.9410468999994919, 2.9538442000048235]","[None, 'target']",981210,1,2025-10-02_03h38.00.805,untitled,,2025.1.1,60.0824331,2025-10-02 03h38.06.095139 +0530
16,0,16,[np.float64(0.2657407407407407)],[np.float64(0.22962962962962963)],[1],[0],[0],[1.3769940000056522],['target'],16,0,16,0,34.78713,,10,34.7802285,34.78713,34.78713,0.0254967,36.1573302,[np.float64(0.2657407407407407)],[np.float64(0.22962962962962963)],[1],[0],[0],[1.3769940000056522],['target'],981210,1,2025-10-02_03h38.00.805,untitled,,2025.1.1,60.0824331,2025-10-02 03h38.06.095139 +0530
17,0,17,"[np.float64(-0.10740740740740741), np.float64(-0.10740740740740741), np.float64(-0.09814814814814815)]","[np.float64(0.07962962962962963), np.float64(0.07962962962962963), np.float64(0.08055555555555556)]","[1, 1, 1]","[0, 0, 0]","[0, 0, 0]","[1.186098200007109, 1.8138545000110753, 2.55129480001051]","[None, None, 'target']",17,0,17,0,36.1798988,,5,36.173541,36.1798988,36.1798988,0.0159824,38.7249598,"[np.float64(-0.10740740740740741), np.float64(-0.10740740740740741), np.float64(-0.09814814814814815)]","[np.float64(0.07962962962962963), np.float64(0.07962962962962963), np.float64(0.08055555555555556)]","[1, 1, 1]","[0, 0, 0]","[0, 0, 0]","[1.186098200007109, 1.8138545000110753, 2.55129480001051]","[None, None, 'target']",981210,1,2025-10-02_03h38.00.805,untitled,,2025.1.1,60.0824331,2025-10-02 03h38.06.095139 +0530
18,0,18,[np.float64(-0.13796296296296295)],[np.float64(0.026851851851851852)],[1],[0],[0],[1.5207835999899544],['target'],18,0,18,0,38.7598235,,10,38.7518511,38.7598235,38.7598235,0.0266222,40.2727999,[np.float64(-0.13796296296296295)],[np.float64(0.026851851851851852)],[1],[0],[0],[1.5207835999899544],['target'],981210,1,2025-10-02_03h38.00.805,untitled,,2025.1.1,60.0824331,2025-10-02 03h38.06.095139 +0530
19,0,19,[np.float64(-0.22592592592592592)],[np.float64(-0.18796296296296297)],[1],[0],[0],[1.2129193000000669],['target'],19,0,19,0,40.2962714,,5,40.2907226,40.2962714,40.2962714,0.0175544,41.5038096,[np.float64(-0.22592592592592592)],[np.float64(-0.18796296296296297)],[1],[0],[0],[1.2129193000000669],['target'],981210,1,2025-10-02_03h38.00.805,untitled,,2025.1.1,60.0824331,2025-10-02 03h38.06.095139 +0530
20,0,20,"[np.float64(-0.0962962962962963), np.float64(-0.08611111111111111)]","[np.float64(-0.37037037037037035), np.float64(-0.37592592592592594)]","[1, 1]","[0, 0]","[0, 0]","[1.437706500000786, 2.3931365000025835]","[None, 'target']",20,0,20,0,41.5383311,,10,41.5312436,41.5383311,41.5383311,0.0271419,43.9244834,"[np.float64(-0.0962962962962963), np.float64(-0.08611111111111111)]","[np.float64(-0.37037037037037035), np.float64(-0.37592592592592594)]","[1, 1]","[0, 0]","[0, 0]","[1.437706500000786, 2.3931365000025835]","[None, 'target']",981210,1,2025-10-02_03h38.00.805,untitled,,2025.1.1,60.0824331,2025-10-02 03h38.06.095139 +0530
21,0,21,[np.float64(-0.000925925925925926)],[np.float64(-0.06851851851851852)],[1],[0],[0],[1.3979672999994364],['target'],21,0,21,0,43.9453997,,5,43.9395994,43.9453997,43.9453997,0.0148735,45.3376765,[np.float64(-0.000925925925925926)],[np.float64(-0.06851851851851852)],[1],[0],[0],[1.3979672999994364],['target'],981210,1,2025-10-02_03h38.00.805,untitled,,2025.1.1,60.0824331,2025-10-02 03h38.06.095139 +0530
22,0,22,[np.float64(0.20185185185185187)],[np.float64(-0.3314814814814815)],[1],[0],[0],[1.7534607999987202],['target'],22,0,22,0,45.3595767,,5,45.3537607,45.3595767,45.3595767,0.0158455,47.1073233,[np.float64(0.20185185185185187)],[np.float64(-0.3314814814814815)],[1],[0],[0],[1.7534607999987202],['target'],981210,1,2025-10-02_03h38.00.805,untitled,,2025.1.1,60.0824331,2025-10-02 03h38.06.095139 +0530
23,0,23,[np.float64(0.16666666666666666)],[np.float64(0.33425925925925926)],[1],[0],[0],[1.9056933999963803],['target'],23,0,23,0,47.1395657,,10,47.1322387,47.1395657,47.1395657,0.0247234,49.0380707,[np.float64(0.16666666666666666)],[np.float64(0.33425925925925926)],[1],[0],[0],[1.9056933999963803],['target'],981210,1,2025-10-02_03h38.00.805,untitled,,2025.1.1,60.0824331,2025-10-02 03h38.06.095139 +0530
24,0,24,"[np.float64(-0.30185185185185187), np.float64(-0.2953703703703704)]","[np.float64(-0.4537037037037037), np.float64(-0.4537037037037037)]","[1, 1]","[0, 0]","[0, 0]","[2.069000400006189, 3.069828600011533]","[None, 'target']",24,0,24,0,49.0748168,,10,49.0677906,49.0748168,49.0748168,0.0294758,52.1377279,"[np.float64(-0.30185185185185187), np.float64(-0.2953703703703704)]","[np.float64(-0.4537037037037037), np.float64(-0.4537037037037037)]","[1, 1]","[0, 0]","[0, 0]","[2.069000400006189, 3.069828600011533]","[None, 'target']",981210,1,2025-10-02_03h38.00.805,untitled,,2025.1.1,60.0824331,2025-10-02 03h38.06.095139 +0530
25,0,25,[np.float64(-0.1527777777777778)],[np.float64(-0.03148148148148148)],[1],[0],[0],[1.2098508000053698],['target'],25,0,25,0,52.1687108,,10,52.1613643,52.1687108,52.1687108,0.0233722,53.3713394,[np.float64(-0.1527777777777778)],[np.float64(-0.03148148148148148)],[1],[0],[0],[1.2098508000053698],['target'],981210,1,2025-10-02_03h38.00.805,untitled,,2025.1.1,60.0824331,2025-10-02 03h38.06.095139 +0530
26,0,26,[np.float64(0.29074074074074074)],[np.float64(-0.125)],[1],[0],[0],[1.752808700010064],['target'],26,0,26,0,53.4056499,,10,53.3985592,53.4056499,53.4056499,0.0269078,55.1514836,[np.float64(0.29074074074074074)],[np.float64(-0.125)],[1],[0],[0],[1.752808700010064],['target'],981210,1,2025-10-02_03h38.00.805,untitled,,2025.1.1,60.0824331,2025-10-02 03h38.06.095139 +0530
27,0,27,[np.float64(-0.43148148148148147)],[np.float64(-0.42407407407407405)],[1],[0],[0],[1.735564999995404],['target'],27,0,27,0,55.1811662,,5,55.1712393,55.1811662,55.1811662,0.0194807,56.9069045,[np.float64(-0.43148148148148147)],[np.float64(-0.42407407407407405)],[1],[0],[0],[1.735564999995404],['target'],981210,1,2025-10-02_03h38.00.805,untitled,,2025.1.1,60.0824331,2025-10-02 03h38.06.095139 +0530
28,0,28,[np.float64(0.19814814814814816)],[np.float64(0.41203703703703703)],[1],[0],[0],[2.6105275000008987],['target'],28,0,28,0,56.9309281,,5,56.92412,56.9309281,56.9309281,0.0170213,59.5347066,[np.float64(0.19814814814814816)],[np.float64(0.41203703703703703)],[1],[0],[0],[2.6105275000008987],['target'],981210,1,2025-10-02_03h38.00.805,untitled,,2025.1.1,60.0824331,2025-10-02 03h38.06.095139 +0530
29,0,29,[np.float64(-0.21296296296296297)],[np.float64(0.2675925925925926)],[1],[0],[0],[1.5163840000022901],['target'],29,0,29,0,59.5601814,,5,59.5542964,59.5601814,59.5601814,0.0194821,61.0708285,[np.float64(-0.21296296296296297)],[np.float64(0.2675925925925926)],[1],[0],[0],[1.5163840000022901],['target'],981210,1,2025-10-02_03h38.00.805,untitled,,2025.1.1,60.0824331,2025-10-02 03h38.06.095139 +0530
30,0,30,[np.float64(0.43148148148148147)],[np.float64(0.46111111111111114)],[1],[0],[0],[1.4989312999969115],['target'],30,0,30,0,61.0953179,,5,61.089025,61.0953179,61.0953179,0.0179557,62.5880738,[np.float64(0.43148148148148147)],[np.float64(0.46111111111111114)],[1],[0],[0],[1.4989312999969115],['target'],981210,1,2025-10-02_03h38.00.805,untitled,,2025.1.1,60.0824331,2025-10-02 03h38.06.095139 +0530
31,0,31,"[np.float64(-0.1962962962962963), np.float64(-0.18981481481481483)]","[np.float64(-0.17407407407407408), np.float64(-0.18425925925925926)]","[1, 1]","[0, 0]","[0, 0]","[1.2599249000049895, 2.2429761000094004]","[None, 'target']",31,0,31,0,62.6172121,,5,62.6081461,62.6172121,62.6172121,0.0198571,64.8512546,"[np.float64(-0.1962962962962963), np.float64(-0.18981481481481483)]","[np.float64(-0.17407407407407408), np.float64(-0.18425925925925926)]","[1, 1]","[0, 0]","[0, 0]","[1.2599249000049895, 2.2429761000094004]","[None, 'target']",981210,1,2025-10-02_03h38.00.805,untitled,,2025.1.1,60.0824331,2025-10-02 03h38.06.095139 +0530
32,0,32,[np.float64(0.11666666666666667)],[np.float64(0.24259259259259258)],[1],[0],[0],[1.2948143999965396],['target'],32,0,32,0,64.880411,,5,64.8721262,64.880411,64.880411,0.0206546,66.1670608,[np.float64(0.11666666666666667)],[np.float64(0.24259259259259258)],[1],[0],[0],[1.2948143999965396],['target'],981210,1,2025-10-02_03h38.00.805,untitled,,2025.1.1,60.0824331,2025-10-02 03h38.06.095139 +0530
33,0,33,"[np.float64(-0.3787037037037037), np.float64(-0.3787037037037037), np.float64(-0.3768518518518518)]","[np.float64(0.003703703703703704), np.float64(0.003703703703703704), np.float64(0.001851851851851852)]","[1, 1, 1]","[0, 0, 0]","[0, 0, 0]","[1.4100201000110246, 1.9457500999997137, 2.990973000007216]","[None, None, 'target']",33,0,33,0,66.2050941,,10,66.1930848,66.2050941,66.2050941,0.0257748,69.1841626,"[np.float64(-0.3787037037037037), np.float64(-0.3787037037037037), np.float64(-0.3768518518518518)]","[np.float64(0.003703703703703704), np.float64(0.003703703703703704), np.float64(0.001851851851851852)]","[1, 1, 1]","[0, 0, 0]","[0, 0, 0]","[1.4100201000110246, 1.9457500999997137, 2.990973000007216]","[None, None, 'target']",981210,1,2025-10-02_03h38.00.805,untitled,,2025.1.1,60.0824331,2025-10-02 03h38.06.095139 +0530
34,0,34,[np.float64(-0.16666666666666666)],[np.float64(0.225)],[1],[0],[0],[1.0858768000034615],['target'],34,0,34,0,69.2073211,,5,69.201621,69.2073211,69.2073211,0.017174,70.2875882,[np.float64(-0.16666666666666666)],[np.float64(0.225)],[1],[0],[0],[1.0858768000034615],['target'],981210,1,2025-10-02_03h38.00.805,untitled,,2025.1.1,60.0824331,2025-10-02 03h38.06.095139 +0530
35,0,35,[np.float64(0.3138888888888889)],[np.float64(0.43796296296296294)],[1],[0],[0],[3.2405219999927795],['target'],35,0,35,0,70.3202413,,10,70.3129487,70.3202413,70.3202413,0.0251814,73.5535823,[np.float64(0.3138888888888889)],[np.float64(0.43796296296296294)],[1],[0],[0],[3.2405219999927795],['target'],981210,1,2025-10-02_03h38.00.805,untitled,,2025.1.1,60.0824331,2025-10-02 03h38.06.095139 +0530
36,0,36,[np.float64(-0.17592592592592593)],[np.float64(-0.3287037037037037)],[1],[0],[0],[2.1304957999964245],['target'],36,0,36,0,73.5722517,,5,73.5672162,73.5722517,73.5722517,0.0133947,75.6977792,[np.float64(-0.17592592592592593)],[np.float64(-0.3287037037037037)],[1],[0],[0],[2.1304957999964245],['target'],981210,1,2025-10-02_03h38.00.805,untitled,,2025.1.1,60.0824331,2025-10-02 03h38.06.095139 +0530
37,0,37,"[np.float64(-0.17314814814814813), np.float64(-0.16666666666666666)]","[np.float64(-0.48518518518518516), np.float64(-0.48703703703703705)]","[1, 1]","[0, 0]","[0, 0]","[1.4682311000069603, 2.504816100001335]","[None, 'target']",37,0,37,0,75.7379829,,10,75.7300869,75.7379829,75.7379829,0.0321981,78.2350788,"[np.float64(-0.17314814814814813), np.float64(-0.16666666666666666)]","[np.float64(-0.48518518518518516), np.float64(-0.48703703703703705)]","[1, 1]","[0, 0]","[0, 0]","[1.4682311000069603, 2.504816100001335]","[None, 'target']",981210,1,2025-10-02_03h38.00.805,untitled,,2025.1.1,60.0824331,2025-10-02 03h38.06.095139 +0530
38,0,38,[np.float64(0.018518518518518517)],[np.float64(-0.46574074074074073)],[1],[0],[0],[2.3012199999939185],['target'],38,0,38,0,78.2583029,,5,78.2525054,78.2583029,78.2583029,0.017115,80.5538201,[np.float64(0.018518518518518517)],[np.float64(-0.46574074074074073)],[1],[0],[0],[2.3012199999939185],['target'],981210,1,2025-10-02_03h38.00.805,untitled,,2025.1.1,60.0824331,2025-10-02 03h38.06.095139 +0530
39,0,39,[np.float64(0.475)],[np.float64(0.09351851851851851)],[1],[0],[0],[2.053864600005909],['target'],39,0,39,0,80.5859105,,10,80.5787676,80.5859105,80.5859105,0.0247662,82.6327435,[np.float64(0.475)],[np.float64(0.09351851851851851)],[1],[0],[0],[2.053864600005909],['target'],981210,1,2025-10-02_03h38.00.805,untitled,,2025.1.1,60.0824331,2025-10-02 03h38.06.095139 +0530
40,0,40,[np.float64(0.23796296296296296)],[np.float64(0.14351851851851852)],[1],[0],[0],[2.123738599999342],['target'],40,0,40,0,82.6701844,,10,82.6631724,82.6701844,82.6701844,0.0301496,84.7870081,[np.float64(0.23796296296296296)],[np.float64(0.14351851851851852)],[1],[0],[0],[2.123738599999342],['target'],981210,1,2025-10-02_03h38.00.805,untitled,,2025.1.1,60.0824331,2025-10-02 03h38.06.095139 +0530
41,0,41,[np.float64(-0.30462962962962964)],[np.float64(-0.25833333333333336)],[1],[0],[0],[1.7112828000099398],['target'],41,0,41,0,84.8111538,,5,84.8048684,84.8111538,84.8111538,0.0176465,86.5162628,[np.float64(-0.30462962962962964)],[np.float64(-0.25833333333333336)],[1],[0],[0],[1.7112828000099398],['target'],981210,1,2025-10-02_03h38.00.805,untitled,,2025.1.1,60.0824331,2025-10-02 03h38.06.095139 +0530
42,0,42,[np.float64(0.022222222222222223)],[np.float64(0.49074074074074076)],[1],[0],[0],[2.5817407999857096],['target'],42,0,42,0,86.5635096,,10,86.5508314,86.5635096,86.5635096,0.0343679,89.1327188,[np.float64(0.022222222222222223)],[np.float64(0.49074074074074076)],[1],[0],[0],[2.5817407999857096],['target'],981210,1,2025-10-02_03h38.00.805,untitled,,2025.1.1,60.0824331,2025-10-02 03h38.06.095139 +0530
43,0,43,[np.float64(0.11018518518518519)],[np.float64(-0.14074074074074075)],[1],[0],[0],[1.6337955000053626],['target'],43,0,43,0,89.1720152,,10,89.1646901,89.1720152,89.1720152,0.0315976,90.7986109,[np.float64(0.11018518518518519)],[np.float64(-0.14074074074074075)],[1],[0],[0],[1.6337955000053626],['target'],981210,1,2025-10-02_03h38.00.805,untitled,,2025.1.1,60.0824331,2025-10-02 03h38.06.095139 +0530
44,0,44,"[np.float64(-0.48518518518518516), np.float64(-0.47685185185185186)]","[np.float64(0.18333333333333332), np.float64(0.18333333333333332)]","[1, 1]","[0, 0]","[0, 0]","[1.994031599999289, 3.0718845000083093]","[None, 'target']",44,0,44,0,90.8324583,,10,90.8253564,90.8324583,90.8324583,0.0264249,93.8973638,"[np.float64(-0.48518518518518516), np.float64(-0.47685185185185186)]","[np.float64(0.18333333333333332), np.float64(0.18333333333333332)]","[1, 1]","[0, 0]","[0, 0]","[1.994031599999289, 3.0718845000083093]","[None, 'target']",981210,1,2025-10-02_03h38.00.805,untitled,,2025.1.1,60.0824331,2025-10-02 03h38.06.095139 +0530
45,0,45,[np.float64(-0.41759259259259257)],[np.float64(0.08888888888888889)],[1],[0],[0],[1.1637805999926059],['target'],45,0,45,0,93.9229328,,5,93.916816,93.9229328,93.9229328,0.019172,95.0807096,[np.float64(-0.41759259259259257)],[np.float64(0.08888888888888889)],[1],[0],[0],[1.1637805999926059],['target'],981210,1,2025-10-02_03h38.00.805,untitled,,2025.1.1,60.0824331,2025-10-02 03h38.06.095139 +0530
46,0,46,[np.float64(0.25462962962962965)],[np.float64(0.13240740740740742)],[1],[0],[0],[1.6129072000039741],['target'],46,0,46,0,95.1114938,,10,95.1042315,95.1114938,95.1114938,0.023304,96.7172448,[np.float64(0.25462962962962965)],[np.float64(0.13240740740740742)],[1],[0],[0],[1.6129072000039741],['target'],981210,1,2025-10-02_03h38.00.805,untitled,,2025.1.1,60.0824331,2025-10-02 03h38.06.095139 +0530
47,0,47,[np.float64(0.41388888888888886)],[np.float64(0.23055555555555557)],[1],[0],[0],[1.3786892000061926],['target'],47,0,47,0,96.742454,,5,96.7350113,96.742454,96.742454,0.0175073,98.113825,[np.float64(0.41388888888888886)],[np.float64(0.23055555555555557)],[1],[0],[0],[1.3786892000061926],['target'],981210,1,2025-10-02_03h38.00.805,untitled,,2025.1.1,60.0824331,2025-10-02 03h38.06.095139 +0530
48,0,48,[np.float64(0.1925925925925926)],[np.float64(-0.058333333333333334)],[1],[0],[0],[1.3161847000010312],['target'],48,0,48,0,98.1372095,,5,98.1307512,98.1372095,98.1372095,0.0166927,99.4470584,[np.float64(0.1925925925925926)],[np.float64(-0.058333333333333334)],[1],[0],[0],[1.3161847000010312],['target'],981210,1,2025-10-02_03h38.00.805,untitled,,2025.1.1,60.0824331,2025-10-02 03h38.06.095139 +0530
49,0,49,[np.float64(0.2074074074074074)],[np.float64(-0.22407407407407406)],[1],[0],[0],[1.3767288999952143],['target'],49,0,49,0,99.4793265,,10,99.4720707,99.4793265,99.4793265,0.0247755,100.8490098,[np.float64(0.2074074074074074)],[np.float64(-0.22407407407407406)],[1],[0],[0],[1.3767288999952143],['target'],981210,1,2025-10-02_03h38.00.805,untitled,,2025.1.1,60.0824331,2025-10-02 03h38.06.095139 +0530
50,0,50,[np.float64(-0.05925925925925926)],[np.float64(0.36666666666666664)],[1],[0],[0],[1.481451500003459],['target'],50,0,50,0,100.8718272,,5,100.8661182,100.8718272,100.8718272,0.0167645,102.3480523,[np.float64(-0.05925925925925926)],[np.float64(0.36666666666666664)],[1],[0],[0],[1.481451500003459],['target'],981210,1,2025-10-02_03h38.00.805,untitled,,2025.1.1,60.0824331,2025-10-02 03h38.06.095139 +0530
51,0,51,"[np.float64(0.25555555555555554), np.float64(0.26944444444444443)]","[np.float64(-0.07314814814814814), np.float64(-0.07777777777777778)]","[1, 1]","[0, 0]","[0, 0]","[1.2103735999990022, 2.111763000008068]","[None, 'target']",51,0,51,0,102.3799418,,5,102.3700834,102.3799418,102.3799418,0.0217327,104.4819361,"[np.float64(0.25555555555555554), np.float64(0.26944444444444443)]","[np.float64(-0.07314814814814814), np.float64(-0.07777777777777778)]","[1, 1]","[0, 0]","[0, 0]","[1.2103735999990022, 2.111763000008068]","[None, 'target']",981210,1,2025-10-02_03h38.00.805,untitled,,2025.1.1,60.0824331,2025-10-02 03h38.06.095139 +0530
52,0,52,"[np.float64(-0.325), np.float64(-0.31851851851851853)]","[np.float64(0.2518518518518518), np.float64(0.2490740740740741)]","[1, 1]","[0, 0]","[0, 0]","[1.4224582000024384, 2.3530942000070354]","[None, 'target']",52,0,52,0,104.5147079,,10,104.5075543,104.5147079,104.5147079,0.0253931,106.8607706,"[np.float64(-0.325), np.float64(-0.31851851851851853)]","[np.float64(0.2518518518518518), np.float64(0.2490740740740741)]","[1, 1]","[0, 0]","[0, 0]","[1.4224582000024384, 2.3530942000070354]","[None, 'target']",981210,1,2025-10-02_03h38.00.805,untitled,,2025.1.1,60.0824331,2025-10-02 03h38.06.095139 +0530
53,0,53,[np.float64(-0.11944444444444445)],[np.float64(0.13425925925925927)],[1],[0],[0],[1.3520837999967625],['target'],53,0,53,0,106.9024197,,10,106.893483,106.9024197,106.9024197,0.0324168,108.2457873,[np.float64(-0.11944444444444445)],[np.float64(0.13425925925925927)],[1],[0],[0],[1.3520837999967625],['target'],981210,1,2025-10-02_03h38.00.805,untitled,,2025.1.1,60.0824331,2025-10-02 03h38.06.095139 +0530
54,0,54,"[np.float64(-0.3037037037037037), np.float64(-0.30185185185185187)]","[np.float64(0.07314814814814814), np.float64(0.06851851851851852)]","[1, 1]","[0, 0]","[0, 0]","[2.7675267000013264, 3.7002246000047307]","[None, 'target']",54,0,54,0,108.2946842,,10,108.2821998,108.2946842,108.2946842,0.0360564,111.9825228,"[np.float64(-0.3037037037037037), np.float64(-0.30185185185185187)]","[np.float64(0.07314814814814814), np.float64(0.06851851851851852)]","[1, 1]","[0, 0]","[0, 0]","[2.7675267000013264, 3.7002246000047307]","[None, 'target']",981210,1,2025-10-02_03h38.00.805,untitled,,2025.1.1,60.0824331,2025-10-02 03h38.06.095139 +0530
55,0,55,[np.float64(-0.125)],[np.float64(-0.26666666666666666)],[1],[0],[0],[1.4602845999907004],['target'],55,0,55,0,112.0267333,,10,112.0184904,112.0267333,112.0267333,0.0357157,113.4788792,[np.float64(-0.125)],[np.float64(-0.26666666666666666)],[1],[0],[0],[1.4602845999907004],['target'],981210,1,2025-10-02_03h38.00.805,untitled,,2025.1.1,60.0824331,2025-10-02 03h38.06.095139 +0530
56,0,56,[np.float64(0.4527777777777778)],[np.float64(-0.3611111111111111)],[1],[0],[0],[2.0268839999916963],['target'],56,0,56,0,113.5096288,,10,113.5024936,113.5096288,113.5096288,0.0233814,115.529492,[np.float64(0.4527777777777778)],[np.float64(-0.3611111111111111)],[1],[0],[0],[2.0268839999916963],['target'],981210,1,2025-10-02_03h38.00.805,untitled,,2025.1.1,60.0824331,2025-10-02 03h38.06.095139 +0530
57,0,57,[np.float64(-0.2824074074074074)],[np.float64(0.3277777777777778)],[1],[0],[0],[2.0573555000009947],['target'],57,0,57,0,115.5590064,,10,115.5519083,115.5590064,115.5590064,0.0221433,117.609359,[np.float64(-0.2824074074074074)],[np.float64(0.3277777777777778)],[1],[0],[0],[2.0573555000009947],['target'],981210,1,2025-10-02_03h38.00.805,untitled,,2025.1.1,60.0824331,2025-10-02 03h38.06.095139 +0530
58,0,58,[np.float64(0.17222222222222222)],[np.float64(0.22592592592592592)],[1],[0],[0],[1.9511084999976447],['target'],58,0,58,0,117.6498339,,10,117.641868,117.6498339,117.6498339,0.0323022,119.5930888,[np.float64(0.17222222222222222)],[np.float64(0.22592592592592592)],[1],[0],[0],[1.9511084999976447],['target'],981210,1,2025-10-02_03h38.00.805,untitled,,2025.1.1,60.0824331,2025-10-02 03h38.06.095139 +0530
59,0,59,[np.float64(-0.48333333333333334)],[np.float64(0.41203703703703703)],[1],[0],[0],[1.852660400007153],['target'],59,0,59,0,119.6233475,,5,119.6105051,119.6233475,119.6233475,0.0171939,121.4632553,[np.float64(-0.48333333333333334)],[np.float64(0.41203703703703703)],[1],[0],[0],[1.852660400007153],['target'],981210,1,2025-10-02_03h38.00.805,untitled,,2025.1.1,60.0824331,2025-10-02 03h38.06.095139 +0530
60,0,60,[np.float64(0.375)],[np.float64(0.06574074074074074)],[1],[0],[0],[2.5317254999972647],['target'],60,0,60,0,121.508349,,10,121.4975537,121.508349,121.508349,0.0341235,124.029381,[np.float64(0.375)],[np.float64(0.06574074074074074)],[1],[0],[0],[2.5317254999972647],['target'],981210,1,2025-10-02_03h38.00.805,untitled,,2025.1.1,60.0824331,2025-10-02 03h38.06.095139 +0530
61,0,61,"[np.float64(0.018518518518518517), np.float64(0.025)]","[np.float64(0.24351851851851852), np.float64(0.23981481481481481)]","[1, 1]","[0, 0]","[0, 0]","[1.4502862999943318, 2.3296348999865586]","[None, 'target']",61,0,61,0,124.0505024,,5,124.044964,124.0505024,124.0505024,0.0153463,126.3747159,"[np.float64(0.018518518518518517), np.float64(0.025)]","[np.float64(0.24351851851851852), np.float64(0.23981481481481481)]","[1, 1]","[0, 0]","[0, 0]","[1.4502862999943318, 2.3296348999865586]","[None, 'target']",981210,1,2025-10-02_03h38.00.805,untitled,,2025.1.1,60.0824331,2025-10-02 03h38.06.095139 +0530
62,0,62,[np.float64(0.26944444444444443)],[np.float64(-0.09351851851851851)],[1],[0],[0],[1.581665999998222],['target'],62,0,62,0,126.4018233,,5,126.3955313,126.4018233,126.4018233,0.0205847,127.9772964,[np.float64(0.26944444444444443)],[np.float64(-0.09351851851851851)],[1],[0],[0],[1.581665999998222],['target'],981210,1,2025-10-02_03h38.00.805,untitled,,2025.1.1,60.0824331,2025-10-02 03h38.06.095139 +0530
63,0,63,[np.float64(-0.3111111111111111)],[np.float64(-0.12407407407407407)],[1],[0],[0],[1.7213119999942137],['target'],63,0,63,0,128.011074,,10,128.0037856,128.011074,128.011074,0.0262962,129.7252128,[np.float64(-0.3111111111111111)],[np.float64(-0.12407407407407407)],[1],[0],[0],[1.7213119999942137],['target'],981210,1,2025-10-02_03h38.00.805,untitled,,2025.1.1,60.0824331,2025-10-02 03h38.06.095139 +0530
64,0,64,[np.float64(0.39351851851851855)],[np.float64(0.34814814814814815)],[1],[0],[0],[1.7991124999971362],['target'],64,0,64,0,129.7696856,,10,129.7624092,129.7696856,129.7696856,0.0369638,131.5616189,[np.float64(0.39351851851851855)],[np.float64(0.34814814814814815)],[1],[0],[0],[1.7991124999971362],['target'],981210,1,2025-10-02_03h38.00.805,untitled,,2025.1.1,60.0824331,2025-10-02 03h38.06.095139 +0530
65,0,65,[np.float64(0.12222222222222222)],[np.float64(-0.10185185185185185)],[1],[0],[0],[1.3190638999949442],['target'],65,0,65,0,131.5861785,,5,131.5778755,131.5861785,131.5861785,0.0160356,132.8970376,[np.float64(0.12222222222222222)],[np.float64(-0.10185185185185185)],[1],[0],[0],[1.3190638999949442],['target'],981210,1,2025-10-02_03h38.00.805,untitled,,2025.1.1,60.0824331,2025-10-02 03h38.06.095139 +0530
66,0,66,[np.float64(0.42314814814814816)],[np.float64(0.028703703703703703)],[1],[0],[0],[2.7811879999935627],['target'],66,0,66,0,132.9213658,,5,132.9144455,132.9213658,132.9213658,0.0172293,135.6957265,[np.float64(0.42314814814814816)],[np.float64(0.028703703703703703)],[1],[0],[0],[2.7811879999935627],['target'],981210,1,2025-10-02_03h38.00.805,untitled,,2025.1.1,60.0824331,2025-10-02 03h38.06.095139 +0530
67,0,67,[np.float64(0.175)],[np.float64(-0.11203703703703703)],[1],[0],[0],[1.2654610000026878],['target'],67,0,67,0,135.7342663,,10,135.7268027,135.7342663,135.7342663,0.0309025,136.9923764,[np.float64(0.175)],[np.float64(-0.11203703703703703)],[1],[0],[0],[1.2654610000026878],['target'],981210,1,2025-10-02_03h38.00.805,untitled,,2025.1.1,60.0824331,2025-10-02 03h38.06.095139 +0530
68,0,68,[np.float64(0.37222222222222223)],[np.float64(0.4009259259259259)],[1],[0],[0],[2.3755154000100447],['target'],68,0,68,0,137.0271746,,10,137.0199116,137.0271746,137.0271746,0.0272842,139.3955821,[np.float64(0.37222222222222223)],[np.float64(0.4009259259259259)],[1],[0],[0],[2.3755154000100447],['target'],981210,1,2025-10-02_03h38.00.805,untitled,,2025.1.1,60.0824331,2025-10-02 03h38.06.095139 +0530
69,0,69,"[np.float64(-0.07685185185185185), np.float64(-0.07222222222222222)]","[np.float64(-0.33796296296296297), np.float64(-0.33611111111111114)]","[1, 1]","[0, 0]","[0, 0]","[1.7349107999907574, 2.6477122999931453]","[None, 'target']",69,0,69,0,139.4147143,,5,139.4090911,139.4147143,139.4147143,0.0132793,142.056951,"[np.float64(-0.07685185185185185), np.float64(-0.07222222222222222)]","[np.float64(-0.33796296296296297), np.float64(-0.33611111111111114)]","[1, 1]","[0, 0]","[0, 0]","[1.7349107999907574, 2.6477122999931453]","[None, 'target']",981210,1,2025-10-02_03h38.00.805,untitled,,2025.1.1,60.0824331,2025-10-02 03h38.06.095139 +0530
70,0,70,"[np.float64(-0.058333333333333334), np.float64(-0.05277777777777778)]","[np.float64(0.3861111111111111), np.float64(0.40370370370370373)]","[1, 1]","[0, 0]","[0, 0]","[1.6825694999861298, 3.0345466999860946]","[None, 'target']",70,0,70,0,142.0823946,,5,142.0748087,142.0823946,142.0823946,0.0175686,145.1095142,"[np.float64(-0.058333333333333334), np.float64(-0.05277777777777778)]","[np.float64(0.3861111111111111), np.float64(0.40370370370370373)]","[1, 1]","[0, 0]","[0, 0]","[1.6825694999861298, 3.0345466999860946]","[None, 'target']",981210,1,2025-10-02_03h38.00.805,untitled,,2025.1.1,60.0824331,2025-10-02 03h38.06.095139 +0530
71,0,71,[np.float64(-0.14722222222222223)],[np.float64(-0.1)],[1],[0],[0],[1.607200099999318],['target'],71,0,71,0,145.1406944,,10,145.1335927,145.1406944,145.1406944,0.023747,146.7409204,[np.float64(-0.14722222222222223)],[np.float64(-0.1)],[1],[0],[0],[1.607200099999318],['target'],981210,1,2025-10-02_03h38.00.805,untitled,,2025.1.1,60.0824331,2025-10-02 03h38.06.095139 +0530
72,0,72,[np.float64(-0.1574074074074074)],[np.float64(-0.08518518518518518)],[1],[0],[0],[1.0313448000088101],['target'],72,0,72,0,146.7663556,,5,146.7603546,146.7663556,146.7663556,0.0191309,147.7918077,[np.float64(-0.1574074074074074)],[np.float64(-0.08518518518518518)],[1],[0],[0],[1.0313448000088101],['target'],981210,1,2025-10-02_03h38.00.805,untitled,,2025.1.1,60.0824331,2025-10-02 03h38.06.095139 +0530
73,0,73,[np.float64(-0.3888888888888889)],[np.float64(-0.22314814814814815)],[1],[0],[0],[1.551136599999154],['target'],73,0,73,0,147.8144379,,5,147.808847,147.8144379,147.8144379,0.0168388,149.360235,[np.float64(-0.3888888888888889)],[np.float64(-0.22314814814814815)],[1],[0],[0],[1.551136599999154],['target'],981210,1,2025-10-02_03h38.00.805,untitled,,2025.1.1,60.0824331,2025-10-02 03h38.06.095139 +0530
74,0,74,[np.float64(0.4787037037037037)],[np.float64(0.03981481481481482)],[1],[0],[0],[1.9829518999904394],['target'],74,0,74,0,149.3840979,,5,149.3766078,149.3840979,149.3840979,0.0161716,151.359657,[np.float64(0.4787037037037037)],[np.float64(0.03981481481481482)],[1],[0],[0],[1.9829518999904394],['target'],981210,1,2025-10-02_03h38.00.805,untitled,,2025.1.1,60.0824331,2025-10-02 03h38.06.095139 +0530
75,0,75,[np.float64(-0.10462962962962963)],[np.float64(0.008333333333333333)],[1],[0],[0],[1.5569080999994185],['target'],75,0,75,0,151.3916864,,10,151.385205,151.3916864,151.3916864,0.0252968,152.9422457,[np.float64(-0.10462962962962963)],[np.float64(0.008333333333333333)],[1],[0],[0],[1.5569080999994185],['target'],981210,1,2025-10-02_03h38.00.805,untitled,,2025.1.1,60.0824331,2025-10-02 03h38.06.095139 +0530
76,0,76,[np.float64(0.2601851851851852)],[np.float64(-0.32685185185185184)],[1],[0],[0],[1.7646215999993728],['target'],76,0,76,0,153.0312402,,10,153.0247792,153.0312402,153.0312402,0.0822562,154.7895717,[np.float64(0.2601851851851852)],[np.float64(-0.32685185185185184)],[1],[0],[0],[1.7646215999993728],['target'],981210,1,2025-10-02_03h38.00.805,untitled,,2025.1.1,60.0824331,2025-10-02 03h38.06.095139 +0530
77,0,77,[np.float64(0.04351851851851852)],[np.float64(-0.08981481481481482)],[1],[0],[0],[1.3410771999915596],['target'],77,0,77,0,154.8206656,,10,154.8139198,154.8206656,154.8206656,0.0239761,156.1551162,[np.float64(0.04351851851851852)],[np.float64(-0.08981481481481482)],[1],[0],[0],[1.3410771999915596],['target'],981210,1,2025-10-02_03h38.00.805,untitled,,2025.1.1,60.0824331,2025-10-02 03h38.06.095139 +0530
78,0,78,[np.float64(-0.007407407407407408)],[np.float64(0.1824074074074074)],[1],[0],[0],[1.2260452999908011],['target'],78,0,78,0,156.1873549,,10,156.1801,156.1873549,156.1873549,0.0247231,157.4062556,[np.float64(-0.007407407407407408)],[np.float64(0.1824074074074074)],[1],[0],[0],[1.2260452999908011],['target'],981210,1,2025-10-02_03h38.00.805,untitled,,2025.1.1,60.0824331,2025-10-02 03h38.06.095139 +0530
79,0,79,[np.float64(0.23425925925925925)],[np.float64(-0.3212962962962963)],[1],[0],[0],[1.5498328999965452],['target'],79,0,79,0,157.4296359,,5,157.4230876,157.4296359,157.4296359,0.0166093,158.9730046,[np.float64(0.23425925925925925)],[np.float64(-0.3212962962962963)],[1],[0],[0],[1.5498328999965452],['target'],981210,1,2025-10-02_03h38.00.805,untitled,,2025.1.1,60.0824331,2025-10-02 03h38.06.095139 +0530
80,0,80,"[np.float64(-0.2898148148148148), np.float64(-0.2824074074074074)]","[np.float64(-0.10462962962962963), np.float64(-0.10833333333333334)]","[1, 1]","[0, 0]","[0, 0]","[1.5157324000028893, 2.450498100006371]","[None, 'target']",80,0,80,0,158.9995344,,5,158.9907432,158.9995344,158.9995344,0.0175906,161.4413275,"[np.float64(-0.2898148148148148), np.float64(-0.2824074074074074)]","[np.float64(-0.10462962962962963), np.float64(-0.10833333333333334)]","[1, 1]","[0, 0]","[0, 0]","[1.5157324000028893, 2.450498100006371]","[None, 'target']",981210,1,2025-10-02_03h38.00.805,untitled,,2025.1.1,60.0824331,2025-10-02 03h38.06.095139 +0530
81,0,81,[np.float64(-0.42407407407407405)],[np.float64(-0.13240740740740742)],[1],[0],[0],[1.3078259000030812],['target'],81,0,81,0,161.4718488,,10,161.4648396,161.4718488,161.4718488,0.0233107,162.7727744,[np.float64(-0.42407407407407405)],[np.float64(-0.13240740740740742)],[1],[0],[0],[1.3078259000030812],['target'],981210,1,2025-10-02_03h38.00.805,untitled,,2025.1.1,60.0824331,2025-10-02 03h38.06.095139 +0530
82,0,82,[np.float64(-0.2898148148148148)],[np.float64(0.3277777777777778)],[1],[0],[0],[2.7907295000040904],['target'],82,0,82,0,162.8044227,,10,162.7972515,162.8044227,162.8044227,0.0242457,165.588089,[np.float64(-0.2898148148148148)],[np.float64(0.3277777777777778)],[1],[0],[0],[2.7907295000040904],['target'],981210,1,2025-10-02_03h38.00.805,untitled,,2025.1.1,60.0824331,2025-10-02 03h38.06.095139 +0530
83,0,83,[np.float64(0.1361111111111111)],[np.float64(-0.3712962962962963)],[1],[0],[0],[2.3928627999994205],['target'],83,0,83,0,165.6209067,,10,165.6119298,165.6209067,165.6209067,0.0235813,168.0048992,[np.float64(0.1361111111111111)],[np.float64(-0.3712962962962963)],[1],[0],[0],[2.3928627999994205],['target'],981210,1,2025-10-02_03h38.00.805,untitled,,2025.1.1,60.0824331,2025-10-02 03h38.06.095139 +0530
84,0,84,[np.float64(0.2490740740740741)],[np.float64(0.2777777777777778)],[1],[0],[0],[2.0196048999932827],['target'],84,0,84,0,168.0299855,,5,168.0215102,168.0299855,168.0299855,0.0163964,170.0412064,[np.float64(0.2490740740740741)],[np.float64(0.2777777777777778)],[1],[0],[0],[2.0196048999932827],['target'],981210,1,2025-10-02_03h38.00.805,untitled,,2025.1.1,60.0824331,2025-10-02 03h38.06.095139 +0530
85,0,85,[np.float64(0.4388888888888889)],[np.float64(0.2962962962962963)],[1],[0],[0],[2.18203780001204],['target'],85,0,85,0,170.0628004,,5,170.0565955,170.0628004,170.0628004,0.0152146,172.2387499,[np.float64(0.4388888888888889)],[np.float64(0.2962962962962963)],[1],[0],[0],[2.18203780001204],['target'],981210,1,2025-10-02_03h38.00.805,untitled,,2025.1.1,60.0824331,2025-10-02 03h38.06.095139 +0530
86,0,86,[np.float64(-0.27314814814814814)],[np.float64(0.325)],[1],[0],[0],[2.959302299990668],['target'],86,0,86,0,172.2736009,,10,172.264345,172.2736009,172.2736009,0.0253889,175.2237496,[np.float64(-0.27314814814814814)],[np.float64(0.325)],[1],[0],[0],[2.959302299990668],['target'],981210,1,2025-10-02_03h38.00.805,untitled,,2025.1.1,60.0824331,2025-10-02 03h38.06.095139 +0530
87,0,87,[np.float64(0.20925925925925926)],[np.float64(0.08425925925925926)],[1],[0],[0],[1.6742853000032483],['target'],87,0,87,0,175.2563686,,10,175.2487496,175.2563686,175.2563686,0.0247783,176.9231119,[np.float64(0.20925925925925926)],[np.float64(0.08425925925925926)],[1],[0],[0],[1.6742853000032483],['target'],981210,1,2025-10-02_03h38.00.805,untitled,,2025.1.1,60.0824331,2025-10-02 03h38.06.095139 +0530
88,0,88,[np.float64(-0.3453703703703704)],[np.float64(-0.47962962962962963)],[1],[0],[0],[2.4758285999996588],['target'],88,0,88,0,176.953772,,10,176.946382,176.953772,176.953772,0.0230747,179.4223152,[np.float64(-0.3453703703703704)],[np.float64(-0.47962962962962963)],[1],[0],[0],[2.4758285999996588],['target'],981210,1,2025-10-02_03h38.00.805,untitled,,2025.1.1,60.0824331,2025-10-02 03h38.06.095139 +0530
89,0,89,[np.float64(-0.12685185185185185)],[np.float64(-0.05)],[1],[0],[0],[1.4925444000109565],['target'],89,0,89,0,179.4507025,,10,179.4434463,179.4507025,179.4507025,0.0209037,180.9360876,[np.float64(-0.12685185185185185)],[np.float64(-0.05)],[1],[0],[0],[1.4925444000109565],['target'],981210,1,2025-10-02_03h38.00.805,untitled,,2025.1.1,60.0824331,2025-10-02 03h38.06.095139 +0530
90,0,90,[np.float64(0.24351851851851852)],[np.float64(-0.10648148148148148)],[1],[0],[0],[1.6259219000057783],['target'],90,0,90,0,180.968154,,10,180.9609505,180.968154,180.968154,0.0246572,182.5869812,[np.float64(0.24351851851851852)],[np.float64(-0.10648148148148148)],[1],[0],[0],[1.6259219000057783],['target'],981210,1,2025-10-02_03h38.00.805,untitled,,2025.1.1,60.0824331,2025-10-02 03h38.06.095139 +0530
91,0,91,[np.float64(0.19814814814814816)],[np.float64(0.44722222222222224)],[1],[0],[0],[1.7234281999990344],['target'],91,0,91,0,182.6248458,,10,182.6137817,182.6248458,182.6248458,0.0265731,184.3373319,[np.float64(0.19814814814814816)],[np.float64(0.44722222222222224)],[1],[0],[0],[1.7234281999990344],['target'],981210,1,2025-10-02_03h38.00.805,untitled,,2025.1.1,60.0824331,2025-10-02 03h38.06.095139 +0530
92,0,92,[np.float64(0.37592592592592594)],[np.float64(0.36574074074074076)],[1],[0],[0],[1.3518840000033379],['target'],92,0,92,0,184.3625335,,5,184.3553788,184.3625335,184.3625335,0.0178012,185.7073617,[np.float64(0.37592592592592594)],[np.float64(0.36574074074074076)],[1],[0],[0],[1.3518840000033379],['target'],981210,1,2025-10-02_03h38.00.805,untitled,,2025.1.1,60.0824331,2025-10-02 03h38.06.095139 +0530
93,0,93,[np.float64(0.15925925925925927)],[np.float64(0.33240740740740743)],[1],[0],[0],[1.4560906999977306],['target'],93,0,93,0,185.7382872,,10,185.7310827,185.7382872,185.7382872,0.0235453,187.1873179,[np.float64(0.15925925925925927)],[np.float64(0.33240740740740743)],[1],[0],[0],[1.4560906999977306],['target'],981210,1,2025-10-02_03h38.00.805,untitled,,2025.1.1,60.0824331,2025-10-02 03h38.06.095139 +0530
94,0,94,[np.float64(0.15555555555555556)],[np.float64(-0.3972222222222222)],[1],[0],[0],[2.261250600000494],['target'],94,0,94,0,187.219005,,10,187.2112808,187.219005,187.219005,0.0236824,189.4726332,[np.float64(0.15555555555555556)],[np.float64(-0.3972222222222222)],[1],[0],[0],[2.261250600000494],['target'],981210,1,2025-10-02_03h38.00.805,untitled,,2025.1.1,60.0824331,2025-10-02 03h38.06.095139 +0530
95,0,95,[np.float64(0.11203703703703703)],[np.float64(0.4787037037037037)],[1],[0],[0],[2.1651792000047863],['target'],95,0,95,0,189.4961456,,5,189.4900545,189.4961456,189.4961456,0.0172314,191.6553452,[np.float64(0.11203703703703703)],[np.float64(0.4787037037037037)],[1],[0],[0],[2.1651792000047863],['target'],981210,1,2025-10-02_03h38.00.805,untitled,,2025.1.1,60.0824331,2025-10-02 03h38.06.095139 +0530
96,0,96,[np.float64(0.06388888888888888)],[np.float64(0.014814814814814815)],[1],[0],[0],[2.094224000000395],['target'],96,0,96,0,191.6811234,,5,191.6723925,191.6811234,191.6811234,0.0168615,193.7667314,[np.float64(0.06388888888888888)],[np.float64(0.014814814814814815)],[1],[0],[0],[2.094224000000395],['target'],981210,1,2025-10-02_03h38.00.805,untitled,,2025.1.1,60.0824331,2025-10-02 03h38.06.095139 +0530
97,0,97,"[np.float64(-0.33796296296296297), np.float64(-0.3333333333333333)]","[np.float64(-0.47314814814814815), np.float64(-0.4648148148148148)]","[1, 1]","[0, 0]","[0, 0]","[2.200669799989555, 2.9982319999980973]","[None, 'target']",97,0,97,0,193.8131501,,10,193.8013966,193.8131501,193.8131501,0.034478,196.799753,"[np.float64(-0.33796296296296297), np.float64(-0.3333333333333333)]","[np.float64(-0.47314814814814815), np.float64(-0.4648148148148148)]","[1, 1]","[0, 0]","[0, 0]","[2.200669799989555, 2.9982319999980973]","[None, 'target']",981210,1,2025-10-02_03h38.00.805,untitled,,2025.1.1,60.0824331,2025-10-02 03h38.06.095139 +0530
98,0,98,[np.float64(0.42407407407407405)],[np.float64(0.20462962962962963)],[1],[0],[0],[2.244347199986805],['target'],98,0,98,0,196.8311094,,10,196.8243261,196.8311094,196.8311094,0.0242574,199.0688028,[np.float64(0.42407407407407405)],[np.float64(0.20462962962962963)],[1],[0],[0],[2.244347199986805],['target'],981210,1,2025-10-02_03h38.00.805,untitled,,2025.1.1,60.0824331,2025-10-02 03h38.06.095139 +0530
99,0,99,[np.float64(-0.4083333333333333)],[np.float64(-0.040740740740740744)],[1],[0],[0],[1.84602559999621],['target'],99,0,99,0,199.0954298,,5,199.0872612,199.0954298,199.0954298,0.0181654,200.9334489,[np.float64(-0.4083333333333333)],[np.float64(-0.040740740740740744)],[1],[0],[0],[1.84602559999621],['target'],981210,1,2025-10-02_03h38.00.805,untitled,,2025.1.1,60.0824331,2025-10-02 03h38.06.095139 +0530
100,0,100,[np.float64(0.10185185185185185)],[np.float64(-0.10925925925925926)],[1],[0],[0],[1.4826827999931993],['target'],100,0,100,0,200.9736711,,10,200.9661448,200.9736711,200.9736711,0.0323886,202.4489658,[np.float64(0.10185185185185185)],[np.float64(-0.10925925925925926)],[1],[0],[0],[1.4826827999931993],['target'],981210,1,2025-10-02_03h38.00.805,untitled,,2025.1.1,60.0824331,2025-10-02 03h38.06.095139 +0530
101,0,101,[np.float64(0.31666666666666665)],[np.float64(0.49166666666666664)],[1],[0],[0],[1.9849541000003228],['target'],101,0,101,0,202.4757272,,5,202.4670736,202.4757272,202.4757272,0.0178265,204.4521272,[np.float64(0.31666666666666665)],[np.float64(0.49166666666666664)],[1],[0],[0],[1.9849541000003228],['target'],981210,1,2025-10-02_03h38.00.805,untitled,,2025.1.1,60.0824331,2025-10-02 03h38.06.095139 +0530
102,0,102,[np.float64(-0.018518518518518517)],[np.float64(-0.1712962962962963)],[1],[0],[0],[1.4400140999932773],['target'],102,0,102,0,204.4834495,,10,204.4762032,204.4834495,204.4834495,0.0238767,205.9165294,[np.float64(-0.018518518518518517)],[np.float64(-0.1712962962962963)],[1],[0],[0],[1.4400140999932773],['target'],981210,1,2025-10-02_03h38.00.805,untitled,,2025.1.1,60.0824331,2025-10-02 03h38.06.095139 +0530
103,0,103,[np.float64(-0.5018518518518519)],[np.float64(-0.30925925925925923)],[1],[0],[0],[1.4986289000080433],['target'],103,0,103,0,205.9461551,,5,205.936938,205.9461551,205.9461551,0.0200498,207.4356496,[np.float64(-0.5018518518518519)],[np.float64(-0.30925925925925923)],[1],[0],[0],[1.4986289000080433],['target'],981210,1,2025-10-02_03h38.00.805,untitled,,2025.1.1,60.0824331,2025-10-02 03h38.06.095139 +0530
104,0,104,[np.float64(-0.049074074074074076)],[np.float64(0.4046296296296296)],[1],[0],[0],[1.3807096000091406],['target'],104,0,104,0,207.4609696,,5,207.4538137,207.4609696,207.4609696,0.0180082,208.8346158,[np.float64(-0.049074074074074076)],[np.float64(0.4046296296296296)],[1],[0],[0],[1.3807096000091406],['target'],981210,1,2025-10-02_03h38.00.805,untitled,,2025.1.1,60.0824331,2025-10-02 03h38.06.095139 +0530
105,0,105,[np.float64(-0.12222222222222222)],[np.float64(0.4842592592592593)],[1],[0],[0],[1.198264199992991],['target'],105,0,105,0,208.8573717,,5,208.8511488,208.8573717,208.8573717,0.0163726,210.0495311,[np.float64(-0.12222222222222222)],[np.float64(0.4842592592592593)],[1],[0],[0],[1.198264199992991],['target'],981210,1,2025-10-02_03h38.00.805,untitled,,2025.1.1,60.0824331,2025-10-02 03h38.06.095139 +0530
106,0,106,[np.float64(0.3416666666666667)],[np.float64(-0.42407407407407405)],[1],[0],[0],[1.9282978999981424],['target'],106,0,106,0,210.082063,,10,210.0749858,210.082063,210.082063,0.025262,212.0033885,[np.float64(0.3416666666666667)],[np.float64(-0.42407407407407405)],[1],[0],[0],[1.9282978999981424],['target'],981210,1,2025-10-02_03h38.00.805,untitled,,2025.1.1,60.0824331,2025-10-02 03h38.06.095139 +0530
107,0,107,[np.float64(0.4962962962962963)],[np.float64(0.2111111111111111)],[1],[0],[0],[1.7264511000103084],['target'],107,0,107,0,212.033197,,10,212.0259227,212.033197,212.033197,0.0223272,213.7525074,[np.float64(0.4962962962962963)],[np.float64(0.2111111111111111)],[1],[0],[0],[1.7264511000103084],['target'],981210,1,2025-10-02_03h38.00.805,untitled,,2025.1.1,60.0824331,2025-10-02 03h38.06.095139 +0530
108,0,108,[np.float64(0.43796296296296294)],[np.float64(-0.27685185185185185)],[1],[0],[0],[2.055498300003819],['target'],108,0,108,0,213.7846109,,10,213.7769144,213.7846109,213.7846109,0.0241681,215.8325821,[np.float64(0.43796296296296294)],[np.float64(-0.27685185185185185)],[1],[0],[0],[2.055498300003819],['target'],981210,1,2025-10-02_03h38.00.805,untitled,,2025.1.1,60.0824331,2025-10-02 03h38.06.095139 +0530
109,0,109,"[np.float64(-0.3768518518518518), np.float64(-0.38055555555555554)]","[np.float64(0.4638888888888889), np.float64(0.4685185185185185)]","[1, 1]","[0, 0]","[0, 0]","[2.5151531000010436, 3.1977181999973254]","[None, 'target']",109,0,109,0,215.8601807,,10,215.8531468,215.8601807,215.8601807,0.0203006,219.0509677,"[np.float64(-0.3768518518518518), np.float64(-0.38055555555555554)]","[np.float64(0.4638888888888889), np.float64(0.4685185185185185)]","[1, 1]","[0, 0]","[0, 0]","[2.5151531000010436, 3.1977181999973254]","[None, 'target']",981210,1,2025-10-02_03h38.00.805,untitled,,2025.1.1,60.0824331,2025-10-02 03h38.06.095139 +0530
110,0,110,[np.float64(0.08796296296296297)],[np.float64(0.10925925925925926)],[1],[0],[0],[1.397082399998908],['target'],110,0,110,0,219.0785149,,5,219.0699581,219.0785149,219.0785149,0.0186116,220.4671498,[np.float64(0.08796296296296297)],[np.float64(0.10925925925925926)],[1],[0],[0],[1.397082399998908],['target'],981210,1,2025-10-02_03h38.00.805,untitled,,2025.1.1,60.0824331,2025-10-02 03h38.06.095139 +0530
111,0,111,[np.float64(-0.040740740740740744)],[np.float64(-0.30462962962962964)],[1],[0],[0],[1.7087620999955107],['target'],111,0,111,0,220.5002355,,10,220.4920273,220.5002355,220.5002355,0.0246802,222.2009011,[np.float64(-0.040740740740740744)],[np.float64(-0.30462962962962964)],[1],[0],[0],[1.7087620999955107],['target'],981210,1,2025-10-02_03h38.00.805,untitled,,2025.1.1,60.0824331,2025-10-02 03h38.06.095139 +0530
112,0,112,[np.float64(-0.11481481481481481)],[np.float64(-0.13518518518518519)],[1],[0],[0],[1.3726836999994703],['target'],112,0,112,0,222.2304958,,10,222.2233363,222.2304958,222.2304958,0.0222007,223.5961419,[np.float64(-0.11481481481481481)],[np.float64(-0.13518518518518519)],[1],[0],[0],[1.3726836999994703],['target'],981210,1,2025-10-02_03h38.00.805,untitled,,2025.1.1,60.0824331,2025-10-02 03h38.06.095139 +0530
113,0,113,[np.float64(-0.3611111111111111)],[np.float64(-0.42407407407407405)],[1],[0],[0],[1.6510892999940552],['target'],113,0,113,0,223.6182908,,5,223.6126823,223.6182908,223.6182908,0.0163017,225.263927,[np.float64(-0.3611111111111111)],[np.float64(-0.42407407407407405)],[1],[0],[0],[1.6510892999940552],['target'],981210,1,2025-10-02_03h38.00.805,untitled,,2025.1.1,60.0824331,2025-10-02 03h38.06.095139 +0530
114,0,114,[np.float64(-0.1)],[np.float64(-0.19074074074074074)],[1],[0],[0],[1.32058089999191],['target'],114,0,114,0,225.2994976,,10,225.2924629,225.2994976,225.2994976,0.0282814,226.6131941,[np.float64(-0.1)],[np.float64(-0.19074074074074074)],[1],[0],[0],[1.32058089999191],['target'],981210,1,2025-10-02_03h38.00.805,untitled,,2025.1.1,60.0824331,2025-10-02 03h38.06.095139 +0530
115,0,115,[np.float64(-0.35648148148148145)],[np.float64(-0.41388888888888886)],[1],[0],[0],[1.69240090000676],['target'],115,0,115,0,226.6456656,,10,226.6385306,226.6456656,226.6456656,0.0249526,228.331047,[np.float64(-0.35648148148148145)],[np.float64(-0.41388888888888886)],[1],[0],[0],[1.69240090000676],['target'],981210,1,2025-10-02_03h38.00.805,untitled,,2025.1.1,60.0824331,2025-10-02 03h38.06.095139 +0530
116,0,116,"[np.float64(-0.5083333333333333), np.float64(-0.5083333333333333), np.float64(-0.5)]","[np.float64(-0.09537037037037037), np.float64(-0.09537037037037037), np.float64(-0.09907407407407408)]","[1, 1, 1]","[0, 0, 0]","[0, 0, 0]","[1.2173053000005893, 1.8008409000030952, 2.649366400000872]","[None, None, 'target']",116,0,116,0,228.3534883,,5,228.3472299,228.3534883,228.3534883,0.015964,230.9966954,"[np.float64(-0.5083333333333333), np.float64(-0.5083333333333333), np.float64(-0.5)]","[np.float64(-0.09537037037037037), np.float64(-0.09537037037037037), np.float64(-0.09907407407407408)]","[1, 1, 1]","[0, 0, 0]","[0, 0, 0]","[1.2173053000005893, 1.8008409000030952, 2.649366400000872]","[None, None, 'target']",981210,1,2025-10-02_03h38.00.805,untitled,,2025.1.1,60.0824331,2025-10-02 03h38.06.095139 +0530
117,0,117,[np.float64(0.2861111111111111)],[np.float64(0.4046296296296296)],[1],[0],[0],[1.7085504999995464],['target'],117,0,117,0,231.0288711,,10,231.0218451,231.0288711,231.0288711,0.0249076,232.7307147,[np.float64(0.2861111111111111)],[np.float64(0.4046296296296296)],[1],[0],[0],[1.7085504999995464],['target'],981210,1,2025-10-02_03h38.00.805,untitled,,2025.1.1,60.0824331,2025-10-02 03h38.06.095139 +0530
118,0,118,[np.float64(0.03796296296296296)],[np.float64(-0.4842592592592593)],[1],[0],[0],[2.976620899993577],['target'],118,0,118,0,232.7598623,,10,232.7528108,232.7598623,232.7598623,0.0217837,235.7295468,[np.float64(0.03796296296296296)],[np.float64(-0.4842592592592593)],[1],[0],[0],[2.976620899993577],['target'],981210,1,2025-10-02_03h38.00.805,untitled,,2025.1.1,60.0824331,2025-10-02 03h38.06.095139 +0530
119,0,119,"[np.float64(0.3990740740740741), np.float64(0.4074074074074074)]","[np.float64(0.3537037037037037), np.float64(0.35)]","[1, 1]","[0, 0]","[0, 0]","[2.3915517999994336, 3.3574015000049258]","[None, 'target']",119,0,119,0,235.7607597,,10,235.7535845,235.7607597,235.7607597,0.0238008,239.1111823,"[np.float64(0.3990740740740741), np.float64(0.4074074074074074)]","[np.float64(0.3537037037037037), np.float64(0.35)]","[1, 1]","[0, 0]","[0, 0]","[2.3915517999994336, 3.3574015000049258]","[None, 'target']",981210,1,2025-10-02_03h38.00.805,untitled,,2025.1.1,60.0824331,2025-10-02 03h38.06.095139 +0530
120,0,120,"[np.float64(-0.4722222222222222), np.float64(-0.4638888888888889)]","[np.float64(-0.12777777777777777), np.float64(-0.13148148148148148)]","[1, 1]","[0, 0]","[0, 0]","[1.6238661000097636, 2.522507300003781]","[None, 'target']",120,0,120,0,239.1455519,,10,239.1380453,239.1455519,239.1455519,0.0263468,241.6607589,"[np.float64(-0.4722222222222222), np.float64(-0.4638888888888889)]","[np.float64(-0.12777777777777777), np.float64(-0.13148148148148148)]","[1, 1]","[0, 0]","[0, 0]","[1.6238661000097636, 2.522507300003781]","[None, 'target']",981210,1,2025-10-02_03h38.00.805,untitled,,2025.1.1,60.0824331,2025-10-02 03h38.06.095139 +0530
121,0,121,[np.float64(-0.4074074074074074)],[np.float64(-0.30185185185185187)],[1],[0],[0],[1.402512900007423],['target'],121,0,121,0,241.6995447,,10,241.6919586,241.6995447,241.6995447,0.0307701,243.0946046,[np.float64(-0.4074074074074074)],[np.float64(-0.30185185185185187)],[1],[0],[0],[1.402512900007423],['target'],981210,1,2025-10-02_03h38.00.805,untitled,,2025.1.1,60.0824331,2025-10-02 03h38.06.095139 +0530
122,0,122,[np.float64(0.4083333333333333)],[np.float64(0.48055555555555557)],[1],[0],[0],[2.7932245999982115],['target'],122,0,122,0,243.1275172,,10,243.1197689,243.1275172,243.1275172,0.0248906,245.9131362,[np.float64(0.4083333333333333)],[np.float64(0.48055555555555557)],[1],[0],[0],[2.7932245999982115],['target'],981210,1,2025-10-02_03h38.00.805,untitled,,2025.1.1,60.0824331,2025-10-02 03h38.06.095139 +0530
123,0,123,[np.float64(-0.30648148148148147)],[np.float64(-0.24351851851851852)],[1],[0],[0],[1.7971343000099296],['target'],123,0,123,0,245.9400655,,5,245.9314848,245.9400655,245.9400655,0.0180802,247.7287159,[np.float64(-0.30648148148148147)],[np.float64(-0.24351851851851852)],[1],[0],[0],[1.7971343000099296],['target'],981210,1,2025-10-02_03h38.00.805,untitled,,2025.1.1,60.0824331,2025-10-02 03h38.06.095139 +0530
124,0,124,[np.float64(0.4101851851851852)],[np.float64(-0.30833333333333335)],[1],[0],[0],[2.3044684999913443],['target'],124,0,124,0,247.7635868,,10,247.7564738,247.7635868,247.7635868,0.0275381,250.061082,[np.float64(0.4101851851851852)],[np.float64(-0.30833333333333335)],[1],[0],[0],[2.3044684999913443],['target'],981210,1,2025-10-02_03h38.00.805,untitled,,2025.1.1,60.0824331,2025-10-02 03h38.06.095139 +0530
125,0,125,[np.float64(0.044444444444444446)],[np.float64(0.46111111111111114)],[1],[0],[0],[2.739748799998779],['target'],125,0,125,0,250.0938323,,10,250.0864929,250.0938323,250.0938323,0.0251323,252.826454,[np.float64(0.044444444444444446)],[np.float64(0.46111111111111114)],[1],[0],[0],[2.739748799998779],['target'],981210,1,2025-10-02_03h38.00.805,untitled,,2025.1.1,60.0824331,2025-10-02 03h38.06.095139 +0530
126,0,126,[np.float64(0.44907407407407407)],[np.float64(0.4925925925925926)],[1],[0],[0],[2.6096989999932703],['target'],126,0,126,0,252.8576551,,10,252.8497369,252.8576551,252.8576551,0.0229324,255.4595676,[np.float64(0.44907407407407407)],[np.float64(0.4925925925925926)],[1],[0],[0],[2.6096989999932703],['target'],981210,1,2025-10-02_03h38.00.805,untitled,,2025.1.1,60.0824331,2025-10-02 03h38.06.095139 +0530
127,0,127,[np.float64(-0.025)],[np.float64(0.05092592592592592)],[1],[0],[0],[1.5248373000067659],['target'],127,0,127,0,255.493193,,10,255.4855225,255.493193,255.493193,0.0257006,257.0104754,[np.float64(-0.025)],[np.float64(0.05092592592592592)],[1],[0],[0],[1.5248373000067659],['target'],981210,1,2025-10-02_03h38.00.805,untitled,,2025.1.1,60.0824331,2025-10-02 03h38.06.095139 +0530
128,0,128,[np.float64(0.29259259259259257)],[np.float64(0.2675925925925926)],[1],[0],[0],[2.15594240000064],['target'],128,0,128,0,257.0477815,,10,257.0358618,257.0477815,257.0477815,0.0251687,259.1919248,[np.float64(0.29259259259259257)],[np.float64(0.2675925925925926)],[1],[0],[0],[2.15594240000064],['target'],981210,1,2025-10-02_03h38.00.805,untitled,,2025.1.1,60.0824331,2025-10-02 03h38.06.095139 +0530
129,0,129,[np.float64(0.1712962962962963)],[np.float64(-0.25092592592592594)],[1],[0],[0],[2.690410299997893],['target'],129,0,129,0,259.2260052,,10,259.218971,259.2260052,259.2260052,0.0267463,261.9095057,[np.float64(0.1712962962962963)],[np.float64(-0.25092592592592594)],[1],[0],[0],[2.690410299997893],['target'],981210,1,2025-10-02_03h38.00.805,untitled,,2025.1.1,60.0824331,2025-10-02 03h38.06.095139 +0530
130,0,130,[np.float64(0.28055555555555556)],[np.float64(0.16574074074074074)],[1],[0],[0],[2.07134500000393],['target'],130,0,130,0,261.9428319,,10,261.9362871,261.9428319,261.9428319,0.0264885,264.007765,[np.float64(0.28055555555555556)],[np.float64(0.16574074074074074)],[1],[0],[0],[2.07134500000393],['target'],981210,1,2025-10-02_03h38.00.805,untitled,,2025.1.1,60.0824331,2025-10-02 03h38.06.095139 +0530
131,0,131,[np.float64(-0.4361111111111111)],[np.float64(0.42685185185185187)],[1],[0],[0],[2.510380699997768],['target'],131,0,131,0,264.0439589,,10,264.0325347,264.0439589,264.0439589,0.0244782,266.5430074,[np.float64(-0.4361111111111111)],[np.float64(0.42685185185185187)],[1],[0],[0],[2.510380699997768],['target'],981210,1,2025-10-02_03h38.00.805,untitled,,2025.1.1,60.0824331,2025-10-02 03h38.06.095139 +0530
132,0,132,"[np.float64(-0.41203703703703703), np.float64(-0.41203703703703703), np.float64(-0.4083333333333333)]","[np.float64(-0.30462962962962964), np.float64(-0.30462962962962964), np.float64(-0.29814814814814816)]","[1, 1, 1]","[0, 0, 0]","[0, 0, 0]","[2.282727600002545, 2.984639899994363, 3.8857810999907088]","[None, None, 'target']",132,0,132,0,266.5632394,,5,266.5577981,266.5632394,266.5632394,0.0145799,270.4437275,"[np.float64(-0.41203703703703703), np.float64(-0.41203703703703703), np.float64(-0.4083333333333333)]","[np.float64(-0.30462962962962964), np.float64(-0.30462962962962964), np.float64(-0.29814814814814816)]","[1, 1, 1]","[0, 0, 0]","[0, 0, 0]","[2.282727600002545, 2.984639899994363, 3.8857810999907088]","[None, None, 'target']",981210,1,2025-10-02_03h38.00.805,untitled,,2025.1.1,60.0824331,2025-10-02 03h38.06.095139 +0530
133,0,133,[np.float64(0.25925925925925924)],[np.float64(-0.42407407407407405)],[1],[0],[0],[2.432577100000344],['target'],133,0,133,0,270.4869702,,10,270.4760511,270.4869702,270.4869702,0.0320358,272.9087751,[np.float64(0.25925925925925924)],[np.float64(-0.42407407407407405)],[1],[0],[0],[2.432577100000344],['target'],981210,1,2025-10-02_03h38.00.805,untitled,,2025.1.1,60.0824331,2025-10-02 03h38.06.095139 +0530
134,0,134,[np.float64(0.41944444444444445)],[np.float64(0.04814814814814815)],[1],[0],[0],[2.03182599999127],['target'],134,0,134,0,272.9526476,,10,272.9428625,272.9526476,272.9526476,0.0337693,274.9748058,[np.float64(0.41944444444444445)],[np.float64(0.04814814814814815)],[1],[0],[0],[2.03182599999127],['target'],981210,1,2025-10-02_03h38.00.805,untitled,,2025.1.1,60.0824331,2025-10-02 03h38.06.095139 +0530
135,0,135,[np.float64(-0.5027777777777778)],[np.float64(0.20277777777777778)],[1],[0],[0],[2.0418499000079464],['target'],135,0,135,0,275.0054251,,10,274.9982694,275.0054251,275.0054251,0.0232345,277.0403378,[np.float64(-0.5027777777777778)],[np.float64(0.20277777777777778)],[1],[0],[0],[2.0418499000079464],['target'],981210,1,2025-10-02_03h38.00.805,untitled,,2025.1.1,60.0824331,2025-10-02 03h38.06.095139 +0530
136,0,136,[np.float64(0.2574074074074074)],[np.float64(-0.13055555555555556)],[1],[0],[0],[1.7332093000004534],['target'],136,0,136,0,277.0621846,,5,277.0565722,277.0621846,277.0621846,0.0158405,278.7899757,[np.float64(0.2574074074074074)],[np.float64(-0.13055555555555556)],[1],[0],[0],[1.7332093000004534],['target'],981210,1,2025-10-02_03h38.00.805,untitled,,2025.1.1,60.0824331,2025-10-02 03h38.06.095139 +0530
137,0,137,[np.float64(0.2777777777777778)],[np.float64(-0.11851851851851852)],[1],[0],[0],[2.3337007999944035],['target'],137,0,137,0,278.8344834,,10,278.8217003,278.8344834,278.8344834,0.0314766,281.1554306,[np.float64(0.2777777777777778)],[np.float64(-0.11851851851851852)],[1],[0],[0],[2.3337007999944035],['target'],981210,1,2025-10-02_03h38.00.805,untitled,,2025.1.1,60.0824331,2025-10-02 03h38.06.095139 +0530
138,0,138,"[np.float64(-0.062037037037037036), np.float64(-0.05277777777777778)]","[np.float64(-0.07685185185185185), np.float64(-0.08148148148148149)]","[1, 1]","[0, 0]","[0, 0]","[1.6131638000078965, 2.497855800000252]","[None, 'target']",138,0,138,0,281.1845228,,5,281.1767991,281.1845228,281.1845228,0.0213051,283.6747352,"[np.float64(-0.062037037037037036), np.float64(-0.05277777777777778)]","[np.float64(-0.07685185185185185), np.float64(-0.08148148148148149)]","[1, 1]","[0, 0]","[0, 0]","[1.6131638000078965, 2.497855800000252]","[None, 'target']",981210,1,2025-10-02_03h38.00.805,untitled,,2025.1.1,60.0824331,2025-10-02 03h38.06.095139 +0530
139,0,139,[np.float64(0.19722222222222222)],[np.float64(-0.16666666666666666)],[1],[0],[0],[0.9317280999966897],['target'],139,0,139,0,283.699123,,5,283.6919923,283.699123,283.699123,0.017049,284.6238317,[np.float64(0.19722222222222222)],[np.float64(-0.16666666666666666)],[1],[0],[0],[0.9317280999966897],['target'],981210,1,2025-10-02_03h38.00.805,untitled,,2025.1.1,60.0824331,2025-10-02 03h38.06.095139 +0530
140,0,140,[np.float64(0.2351851851851852)],[np.float64(-0.075)],[1],[0],[0],[1.1252042000123765],['target'],140,0,140,0,284.6539173,,10,284.6469861,284.6539173,284.6539173,0.0229331,285.7723087,[np.float64(0.2351851851851852)],[np.float64(-0.075)],[1],[0],[0],[1.1252042000123765],['target'],981210,1,2025-10-02_03h38.00.805,untitled,,2025.1.1,60.0824331,2025-10-02 03h38.06.095139 +0530
141,0,141,"[np.float64(-0.08981481481481482), np.float64(-0.08055555555555556)]","[np.float64(0.19722222222222222), np.float64(0.1935185185185185)]","[1, 1]","[0, 0]","[0, 0]","[1.9693322000093758, 2.9519199000060325]","[None, 'target']",141,0,141,0,285.7932542,,5,285.7876067,285.7932542,285.7932542,0.0150572,288.7396318,"[np.float64(-0.08981481481481482), np.float64(-0.08055555555555556)]","[np.float64(0.19722222222222222), np.float64(0.1935185185185185)]","[1, 1]","[0, 0]","[0, 0]","[1.9693322000093758, 2.9519199000060325]","[None, 'target']",981210,1,2025-10-02_03h38.00.805,untitled,,2025.1.1,60.0824331,2025-10-02 03h38.06.095139 +0530
142,0,142,[np.float64(0.32685185185185184)],[np.float64(0.05925925925925926)],[1],[0],[0],[1.3987830999976723],['target'],142,0,142,0,288.7635064,,5,288.7575671,288.7635064,288.7635064,0.0176801,290.1565017,[np.float64(0.32685185185185184)],[np.float64(0.05925925925925926)],[1],[0],[0],[1.3987830999976723],['target'],981210,1,2025-10-02_03h38.00.805,untitled,,2025.1.1,60.0824331,2025-10-02 03h38.06.095139 +0530
143,0,143,[np.float64(-0.17037037037037037)],[np.float64(0.012037037037037037)],[1],[0],[0],[1.544926000002306],['target'],143,0,143,0,290.183901,,5,290.1773506,290.183901,290.183901,0.0205219,291.7223842,[np.float64(-0.17037037037037037)],[np.float64(0.012037037037037037)],[1],[0],[0],[1.544926000002306],['target'],981210,1,2025-10-02_03h38.00.805,untitled,,2025.1.1,60.0824331,2025-10-02 03h38.06.095139 +0530
144,0,144,[np.float64(-0.38981481481481484)],[np.float64(-0.26481481481481484)],[1],[0],[0],[2.7571565999969607],['target'],144,0,144,0,291.7560257,,10,291.7490241,291.7560257,291.7560257,0.0264343,294.5062994,[np.float64(-0.38981481481481484)],[np.float64(-0.26481481481481484)],[1],[0],[0],[2.7571565999969607],['target'],981210,1,2025-10-02_03h38.00.805,untitled,,2025.1.1,60.0824331,2025-10-02 03h38.06.095139 +0530
145,0,145,[np.float64(-0.3907407407407407)],[np.float64(-0.21851851851851853)],[1],[0],[0],[0.994298899997375],['target'],145,0,145,0,294.5373109,,5,294.5268389,294.5373109,294.5373109,0.0203212,295.5212871,[np.float64(-0.3907407407407407)],[np.float64(-0.21851851851851853)],[1],[0],[0],[0.994298899997375],['target'],981210,1,2025-10-02_03h38.00.805,untitled,,2025.1.1,60.0824331,2025-10-02 03h38.06.095139 +0530
146,0,146,[np.float64(-0.012962962962962963)],[np.float64(-0.30185185185185187)],[1],[0],[0],[1.5479425999947125],['target'],146,0,146,0,295.5664647,,10,295.5572407,295.5664647,295.5664647,0.0357179,297.1053217,[np.float64(-0.012962962962962963)],[np.float64(-0.30185185185185187)],[1],[0],[0],[1.5479425999947125],['target'],981210,1,2025-10-02_03h38.00.805,untitled,,2025.1.1,60.0824331,2025-10-02 03h38.06.095139 +0530
147,0,147,[np.float64(-0.34444444444444444)],[np.float64(0.2814814814814815)],[1],[0],[0],[2.384121999988565],['target'],147,0,147,0,297.1284785,,5,297.1217119,297.1284785,297.1284785,0.0161587,299.5058976,[np.float64(-0.34444444444444444)],[np.float64(0.2814814814814815)],[1],[0],[0],[2.384121999988565],['target'],981210,1,2025-10-02_03h38.00.805,untitled,,2025.1.1,60.0824331,2025-10-02 03h38.06.095139 +0530
148,0,148,[np.float64(-0.25277777777777777)],[np.float64(-0.3314814814814815)],[1],[0],[0],[1.5572757000045385],['target'],148,0,148,0,299.5363422,,10,299.5288627,299.5363422,299.5363422,0.0227689,301.0861809,[np.float64(-0.25277777777777777)],[np.float64(-0.3314814814814815)],[1],[0],[0],[1.5572757000045385],['target'],981210,1,2025-10-02_03h38.00.805,untitled,,2025.1.1,60.0824331,2025-10-02 03h38.06.095139 +0530
149,0,149,[np.float64(-0.412962962962963)],[np.float64(0.412962962962963)],[1],[0],[0],[2.239618599996902],['target'],149,0,149,0,301.1036107,,5,301.0980756,301.1036107,301.1036107,0.0118203,303.3378043,[np.float64(-0.412962962962963)],[np.float64(0.412962962962963)],[1],[0],[0],[2.239618599996902],['target'],981210,1,2025-10-02_03h38.00.805,untitled,,2025.1.1,60.0824331,2025-10-02 03h38.06.095139 +0530
150,0,150,[np.float64(-0.15185185185185185)],[np.float64(0.4638888888888889)],[1],[0],[0],[1.732826900013606],['target'],150,0,150,0,303.3624093,,5,303.3557412,303.3624093,303.3624093,0.0177486,305.088669,[np.float64(-0.15185185185185185)],[np.float64(0.4638888888888889)],[1],[0],[0],[1.732826900013606],['target'],981210,1,2025-10-02_03h38.00.805,untitled,,2025.1.1,60.0824331,2025-10-02 03h38.06.095139 +0530
151,0,151,[np.float64(-0.000925925925925926)],[np.float64(-0.17407407407407408)],[1],[0],[0],[1.5067421999992803],['target'],151,0,151,0,305.1192294,,10,305.1118122,305.1192294,305.1192294,0.0229505,306.6186578,[np.float64(-0.000925925925925926)],[np.float64(-0.17407407407407408)],[1],[0],[0],[1.5067421999992803],['target'],981210,1,2025-10-02_03h38.00.805,untitled,,2025.1.1,60.0824331,2025-10-02 03h38.06.095139 +0530
152,0,152,[np.float64(-0.3787037037037037)],[np.float64(0.2222222222222222)],[1],[0],[0],[1.9175009000027785],['target'],152,0,152,0,306.6445998,,5,306.6353544,306.6445998,306.6445998,0.0164083,308.5529968,[np.float64(-0.3787037037037037)],[np.float64(0.2222222222222222)],[1],[0],[0],[1.9175009000027785],['target'],981210,1,2025-10-02_03h38.00.805,untitled,,2025.1.1,60.0824331,2025-10-02 03h38.06.095139 +0530
153,0,153,"[np.float64(-0.18703703703703703), np.float64(-0.18703703703703703), np.float64(-0.18055555555555555)]","[np.float64(-0.2611111111111111), np.float64(-0.2611111111111111), np.float64(-0.25277777777777777)]","[1, 1, 1]","[0, 0, 0]","[0, 0, 0]","[1.4987140000012005, 2.264004600001499, 3.4007074999972247]","[None, None, 'target']",153,0,153,0,308.5771777,,5,308.570221,308.5771777,308.5771777,0.0170092,311.9710752,"[np.float64(-0.18703703703703703), np.float64(-0.18703703703703703), np.float64(-0.18055555555555555)]","[np.float64(-0.2611111111111111), np.float64(-0.2611111111111111), np.float64(-0.25277777777777777)]","[1, 1, 1]","[0, 0, 0]","[0, 0, 0]","[1.4987140000012005, 2.264004600001499, 3.4007074999972247]","[None, None, 'target']",981210,1,2025-10-02_03h38.00.805,untitled,,2025.1.1,60.0824331,2025-10-02 03h38.06.095139 +0530
154,0,154,[np.float64(-0.42777777777777776)],[np.float64(0.053703703703703705)],[1],[0],[0],[1.7714434999943478],['target'],154,0,154,0,312.0058574,,10,311.9981886,312.0058574,312.0058574,0.026774,313.7697656,[np.float64(-0.42777777777777776)],[np.float64(0.053703703703703705)],[1],[0],[0],[1.7714434999943478],['target'],981210,1,2025-10-02_03h38.00.805,untitled,,2025.1.1,60.0824331,2025-10-02 03h38.06.095139 +0530
155,0,155,[np.float64(-0.002777777777777778)],[np.float64(0.31203703703703706)],[1],[0],[0],[1.5835457999928622],['target'],155,0,155,0,313.8117445,,10,313.8029384,313.8117445,313.8117445,0.0329234,315.3865803,[np.float64(-0.002777777777777778)],[np.float64(0.31203703703703706)],[1],[0],[0],[1.5835457999928622],['target'],981210,1,2025-10-02_03h38.00.805,untitled,,2025.1.1,60.0824331,2025-10-02 03h38.06.095139 +0530
156,0,156,[np.float64(0.4787037037037037)],[np.float64(0.05925925925925926)],[1],[0],[0],[1.8797479999921052],['target'],156,0,156,0,315.4096383,,5,315.4041242,315.4096383,315.4096383,0.0173433,317.2840447,[np.float64(0.4787037037037037)],[np.float64(0.05925925925925926)],[1],[0],[0],[1.8797479999921052],['target'],981210,1,2025-10-02_03h38.00.805,untitled,,2025.1.1,60.0824331,2025-10-02 03h38.06.095139 +0530
157,0,157,[np.float64(-0.21296296296296297)],[np.float64(-0.35185185185185186)],[1],[0],[0],[1.9213950999983354],['target'],157,0,157,0,317.3215749,,10,317.3141872,317.3215749,317.3215749,0.0299588,319.2356901,[np.float64(-0.21296296296296297)],[np.float64(-0.35185185185185186)],[1],[0],[0],[1.9213950999983354],['target'],981210,1,2025-10-02_03h38.00.805,untitled,,2025.1.1,60.0824331,2025-10-02 03h38.06.095139 +0530
158,0,158,[np.float64(0.018518518518518517)],[np.float64(-0.30462962962962964)],[1],[0],[0],[1.2311123000108637],['target'],158,0,158,0,319.2596563,,5,319.2527476,319.2596563,319.2596563,0.0168429,320.4839327,[np.float64(0.018518518518518517)],[np.float64(-0.30462962962962964)],[1],[0],[0],[1.2311123000108637],['target'],981210,1,2025-10-02_03h38.00.805,untitled,,2025.1.1,60.0824331,2025-10-02 03h38.06.095139 +0530
159,0,159,[np.float64(0.23055555555555557)],[np.float64(0.17592592592592593)],[1],[0],[0],[1.6866894999984652],['target'],159,0,159,0,320.5068237,,5,320.4988689,320.5068237,320.5068237,0.0147797,322.1856653,[np.float64(0.23055555555555557)],[np.float64(0.17592592592592593)],[1],[0],[0],[1.6866894999984652],['target'],981210,1,2025-10-02_03h38.00.805,untitled,,2025.1.1,60.0824331,2025-10-02 03h38.06.095139 +0530
160,0,160,[np.float64(-0.25)],[np.float64(0.44351851851851853)],[1],[0],[0],[1.916107800003374],['target'],160,0,160,0,322.2091333,,5,322.2033046,322.2091333,322.2091333,0.0174034,324.1195337,[np.float64(-0.25)],[np.float64(0.44351851851851853)],[1],[0],[0],[1.916107800003374],['target'],981210,1,2025-10-02_03h38.00.805,untitled,,2025.1.1,60.0824331,2025-10-02 03h38.06.095139 +0530
161,0,161,"[np.float64(0.39537037037037037), np.float64(0.40555555555555556)]","[np.float64(-0.3388888888888889), np.float64(-0.3388888888888889)]","[1, 1]","[0, 0]","[0, 0]","[2.288741199998185, 3.2752667000022484]","[None, 'target']",161,0,161,0,324.1520091,,10,324.1445964,324.1520091,324.1520091,0.0248375,327.4199857,"[np.float64(0.39537037037037037), np.float64(0.40555555555555556)]","[np.float64(-0.3388888888888889), np.float64(-0.3388888888888889)]","[1, 1]","[0, 0]","[0, 0]","[2.288741199998185, 3.2752667000022484]","[None, 'target']",981210,1,2025-10-02_03h38.00.805,untitled,,2025.1.1,60.0824331,2025-10-02 03h38.06.095139 +0530
162,0,162,[np.float64(-0.3787037037037037)],[np.float64(-0.35)],[1],[0],[0],[1.5255189000017708],['target'],162,0,162,0,327.4498882,,10,327.4425573,327.4498882,327.4498882,0.0222552,328.9681868,[np.float64(-0.3787037037037037)],[np.float64(-0.35)],[1],[0],[0],[1.5255189000017708],['target'],981210,1,2025-10-02_03h38.00.805,untitled,,2025.1.1,60.0824331,2025-10-02 03h38.06.095139 +0530
163,0,163,[np.float64(0.42592592592592593)],[np.float64(0.16944444444444445)],[1],[0],[0],[2.023194000008516],['target'],163,0,163,0,329.0009512,,10,328.9938715,329.0009512,329.0009512,0.0254491,331.0171866,[np.float64(0.42592592592592593)],[np.float64(0.16944444444444445)],[1],[0],[0],[2.023194000008516],['target'],981210,1,2025-10-02_03h38.00.805,untitled,,2025.1.1,60.0824331,2025-10-02 03h38.06.095139 +0530
164,0,164,"[np.float64(0.4), np.float64(0.4074074074074074)]","[np.float64(-0.375), np.float64(-0.37037037037037035)]","[1, 1]","[0, 0]","[0, 0]","[1.9005397000000812, 2.7995359000051394]","[None, 'target']",164,0,164,0,331.0462401,,5,331.0370932,331.0462401,331.0462401,0.0196489,333.8367898,"[np.float64(0.4), np.float64(0.4074074074074074)]","[np.float64(-0.375), np.float64(-0.37037037037037035)]","[1, 1]","[0, 0]","[0, 0]","[1.9005397000000812, 2.7995359000051394]","[None, 'target']",981210,1,2025-10-02_03h38.00.805,untitled,,2025.1.1,60.0824331,2025-10-02 03h38.06.095139 +0530
165,0,165,"[np.float64(-0.2722222222222222), np.float64(-0.2712962962962963), np.float64(-0.2712962962962963), np.float64(-0.26666666666666666)]","[np.float64(-0.225), np.float64(-0.22592592592592592), np.float64(-0.22592592592592592), np.float64(-0.23333333333333334)]","[1, 1, 1, 1]","[0, 0, 0, 0]","[0, 0, 0, 0]","[1.4655044999963138, 2.529386499998509, 3.1468206999998074, 4.16279349999968]","[None, None, None, 'target']",165,0,165,0,333.8595093,,5,333.8542077,333.8595093,333.8595093,0.0170204,338.0171639,"[np.float64(-0.2722222222222222), np.float64(-0.2712962962962963), np.float64(-0.2712962962962963), np.float64(-0.26666666666666666)]","[np.float64(-0.225), np.float64(-0.22592592592592592), np.float64(-0.22592592592592592), np.float64(-0.23333333333333334)]","[1, 1, 1, 1]","[0, 0, 0, 0]","[0, 0, 0, 0]","[1.4655044999963138, 2.529386499998509, 3.1468206999998074, 4.16279349999968]","[None, None, None, 'target']",981210,1,2025-10-02_03h38.00.805,untitled,,2025.1.1,60.0824331,2025-10-02 03h38.06.095139 +0530
166,0,166,[np.float64(-0.06296296296296296)],[np.float64(0.20277777777777778)],[1],[0],[0],[1.6034689999942202],['target'],166,0,166,0,338.0526714,,10,338.04542,338.0526714,338.0526714,0.0279436,339.6490136,[np.float64(-0.06296296296296296)],[np.float64(0.20277777777777778)],[1],[0],[0],[1.6034689999942202],['target'],981210,1,2025-10-02_03h38.00.805,untitled,,2025.1.1,60.0824331,2025-10-02 03h38.06.095139 +0530
167,0,167,[np.float64(0.11666666666666667)],[np.float64(-0.425)],[1],[0],[0],[2.240685400000075],['target'],167,0,167,0,339.6893272,,10,339.6764719,339.6893272,339.6893272,0.027165,341.9172957,[np.float64(0.11666666666666667)],[np.float64(-0.425)],[1],[0],[0],[2.240685400000075],['target'],981210,1,2025-10-02_03h38.00.805,untitled,,2025.1.1,60.0824331,2025-10-02 03h38.06.095139 +0530
168,0,168,[np.float64(0.42314814814814816)],[np.float64(-0.21481481481481482)],[1],[0],[0],[1.848555499993381],['target'],168,0,168,0,341.9388004,,5,341.9333612,341.9388004,341.9388004,0.0157874,343.7820756,[np.float64(0.42314814814814816)],[np.float64(-0.21481481481481482)],[1],[0],[0],[1.848555499993381],['target'],981210,1,2025-10-02_03h38.00.805,untitled,,2025.1.1,60.0824331,2025-10-02 03h38.06.095139 +0530
169,0,169,[np.float64(-0.3277777777777778)],[np.float64(-0.2851851851851852)],[1],[0],[0],[3.2997361999878194],['target'],169,0,169,0,343.8217989,,10,343.8145521,343.8217989,343.8217989,0.0322037,347.1144669,[np.float64(-0.3277777777777778)],[np.float64(-0.2851851851851852)],[1],[0],[0],[3.2997361999878194],['target'],981210,1,2025-10-02_03h38.00.805,untitled,,2025.1.1,60.0824331,2025-10-02 03h38.06.095139 +0530
170,0,170,[np.float64(-0.03611111111111111)],[np.float64(0.2)],[1],[0],[0],[1.5056916999892564],['target'],170,0,170,0,347.1475765,,10,347.1401511,347.1475765,347.1475765,0.0252948,348.6458955,[np.float64(-0.03611111111111111)],[np.float64(0.2)],[1],[0],[0],[1.5056916999892564],['target'],981210,1,2025-10-02_03h38.00.805,untitled,,2025.1.1,60.0824331,2025-10-02 03h38.06.095139 +0530
171,0,171,[np.float64(0.018518518518518517)],[np.float64(0.1787037037037037)],[1],[0],[0],[1.2619999000016833],['target'],171,0,171,0,348.6742479,,10,348.6671522,348.6742479,348.6742479,0.0211731,349.9291905,[np.float64(0.018518518518518517)],[np.float64(0.1787037037037037)],[1],[0],[0],[1.2619999000016833],['target'],981210,1,2025-10-02_03h38.00.805,untitled,,2025.1.1,60.0824331,2025-10-02 03h38.06.095139 +0530
172,0,172,[np.float64(-0.44166666666666665)],[np.float64(0.1824074074074074)],[1],[0],[0],[1.5232926000026055],['target'],172,0,172,0,349.9445146,,5,349.939303,349.9445146,349.9445146,0.0100174,351.462628,[np.float64(-0.44166666666666665)],[np.float64(0.1824074074074074)],[1],[0],[0],[1.5232926000026055],['target'],981210,1,2025-10-02_03h38.00.805,untitled,,2025.1.1,60.0824331,2025-10-02 03h38.06.095139 +0530
173,0,173,[np.float64(-0.3962962962962963)],[np.float64(-0.05)],[1],[0],[0],[2.014664999995148],['target'],173,0,173,0,351.4879748,,10,351.4807828,351.4879748,351.4879748,0.0180722,353.4954887,[np.float64(-0.3962962962962963)],[np.float64(-0.05)],[1],[0],[0],[2.014664999995148],['target'],981210,1,2025-10-02_03h38.00.805,untitled,,2025.1.1,60.0824331,2025-10-02 03h38.06.095139 +0530
174,0,174,[np.float64(0.03333333333333333)],[np.float64(0.38333333333333336)],[1],[0],[0],[1.9873949000029825],['target'],174,0,174,0,353.5143096,,5,353.5085484,353.5143096,353.5143096,0.0129878,355.4960104,[np.float64(0.03333333333333333)],[np.float64(0.38333333333333336)],[1],[0],[0],[1.9873949000029825],['target'],981210,1,2025-10-02_03h38.00.805,untitled,,2025.1.1,60.0824331,2025-10-02 03h38.06.095139 +0530
175,0,175,"[np.float64(0.08703703703703704), np.float64(0.09444444444444444)]","[np.float64(-0.3194444444444444), np.float64(-0.30462962962962964)]","[1, 1]","[0, 0]","[0, 0]","[1.9582425999979023, 2.8079522000043653]","[None, 'target']",175,0,175,0,355.5268299,,10,355.5199129,355.5268299,355.5268299,0.023779,358.3279038,"[np.float64(0.08703703703703704), np.float64(0.09444444444444444)]","[np.float64(-0.3194444444444444), np.float64(-0.30462962962962964)]","[1, 1]","[0, 0]","[0, 0]","[1.9582425999979023, 2.8079522000043653]","[None, 'target']",981210,1,2025-10-02_03h38.00.805,untitled,,2025.1.1,60.0824331,2025-10-02 03h38.06.095139 +0530
176,0,176,"[np.float64(-0.4648148148148148), np.float64(-0.45)]","[np.float64(0.49074074074074076), np.float64(0.4740740740740741)]","[1, 1]","[0, 0]","[0, 0]","[1.9096882000012556, 2.9765913000010187]","[None, 'target']",176,0,176,0,358.3580774,,10,358.3511546,358.3580774,358.3580774,0.0231623,361.3278099,"[np.float64(-0.4648148148148148), np.float64(-0.45)]","[np.float64(0.49074074074074076), np.float64(0.4740740740740741)]","[1, 1]","[0, 0]","[0, 0]","[1.9096882000012556, 2.9765913000010187]","[None, 'target']",981210,1,2025-10-02_03h38.00.805,untitled,,2025.1.1,60.0824331,2025-10-02 03h38.06.095139 +0530
177,0,177,[np.float64(-0.3925925925925926)],[np.float64(-0.010185185185185186)],[1],[0],[0],[1.9876062999974238],['target'],177,0,177,0,361.344738,,5,361.3393638,361.344738,361.344738,0.0114464,363.3270065,[np.float64(-0.3925925925925926)],[np.float64(-0.010185185185185186)],[1],[0],[0],[1.9876062999974238],['target'],981210,1,2025-10-02_03h38.00.805,untitled,,2025.1.1,60.0824331,2025-10-02 03h38.06.095139 +0530
178,0,178,[np.float64(0.37962962962962965)],[np.float64(0.48333333333333334)],[1],[0],[0],[2.803601300009177],['target'],178,0,178,0,363.364277,,10,363.3569479,363.364277,363.364277,0.0298767,366.1605911,[np.float64(0.37962962962962965)],[np.float64(0.48333333333333334)],[1],[0],[0],[2.803601300009177],['target'],981210,1,2025-10-02_03h38.00.805,untitled,,2025.1.1,60.0824331,2025-10-02 03h38.06.095139 +0530
179,0,179,[np.float64(0.08518518518518518)],[np.float64(-0.008333333333333333)],[1],[0],[0],[1.2860285000060685],['target'],179,0,179,0,366.1792582,,5,366.1739038,366.1792582,366.1792582,0.0132555,367.459964,[np.float64(0.08518518518518518)],[np.float64(-0.008333333333333333)],[1],[0],[0],[1.2860285000060685],['target'],981210,1,2025-10-02_03h38.00.805,untitled,,2025.1.1,60.0824331,2025-10-02 03h38.06.095139 +0530
180,0,180,[np.float64(0.3824074074074074)],[np.float64(0.15555555555555556)],[1],[0],[0],[1.2200214000040432],['target'],180,0,180,0,367.4781086,,5,367.4729679,367.4781086,367.4781086,0.0129372,368.693032,[np.float64(0.3824074074074074)],[np.float64(0.15555555555555556)],[1],[0],[0],[1.2200214000040432],['target'],981210,1,2025-10-02_03h38.00.805,untitled,,2025.1.1,60.0824331,2025-10-02 03h38.06.095139 +0530
181,0,181,[np.float64(0.16944444444444445)],[np.float64(0.13518518518518519)],[1],[0],[0],[1.6095108000008622],['target'],181,0,181,0,368.7246899,,10,368.7168524,368.7246899,368.7246899,0.0237623,370.3263913,[np.float64(0.16944444444444445)],[np.float64(0.13518518518518519)],[1],[0],[0],[1.6095108000008622],['target'],981210,1,2025-10-02_03h38.00.805,untitled,,2025.1.1,60.0824331,2025-10-02 03h38.06.095139 +0530
182,0,182,[np.float64(-0.3453703703703704)],[np.float64(0.005555555555555556)],[1],[0],[0],[1.5192221000033896],['target'],182,0,182,0,370.3446609,,5,370.3397751,370.3446609,370.3446609,0.0133263,371.8590129,[np.float64(-0.3453703703703704)],[np.float64(0.005555555555555556)],[1],[0],[0],[1.5192221000033896],['target'],981210,1,2025-10-02_03h38.00.805,untitled,,2025.1.1,60.0824331,2025-10-02 03h38.06.095139 +0530
183,0,183,"[np.float64(-0.42407407407407405), np.float64(-0.41759259259259257)]","[np.float64(0.4009259259259259), np.float64(0.3962962962962963)]","[1, 1]","[0, 0]","[0, 0]","[1.70275959999708, 2.6531989999930374]","[None, 'target']",183,0,183,0,371.8827731,,10,371.8758482,371.8827731,371.8827731,0.0167654,374.5291785,"[np.float64(-0.42407407407407405), np.float64(-0.41759259259259257)]","[np.float64(0.4009259259259259), np.float64(0.3962962962962963)]","[1, 1]","[0, 0]","[0, 0]","[1.70275959999708, 2.6531989999930374]","[None, 'target']",981210,1,2025-10-02_03h38.00.805,untitled,,2025.1.1,60.0824331,2025-10-02 03h38.06.095139 +0530
184,0,184,[np.float64(-0.08518518518518518)],[np.float64(0.21388888888888888)],[1],[0],[0],[1.6503888000006555],['target'],184,0,184,0,374.5514212,,5,374.5458303,374.5514212,374.5514212,0.016334,376.1963629,[np.float64(-0.08518518518518518)],[np.float64(0.21388888888888888)],[1],[0],[0],[1.6503888000006555],['target'],981210,1,2025-10-02_03h38.00.805,untitled,,2025.1.1,60.0824331,2025-10-02 03h38.06.095139 +0530
185,0,185,[np.float64(-0.4361111111111111)],[np.float64(-0.03611111111111111)],[1],[0],[0],[2.9079990000027465],['target'],185,0,185,0,376.2274954,,10,376.220321,376.2274954,376.2274954,0.0236975,379.1284551,[np.float64(-0.4361111111111111)],[np.float64(-0.03611111111111111)],[1],[0],[0],[2.9079990000027465],['target'],981210,1,2025-10-02_03h38.00.805,untitled,,2025.1.1,60.0824331,2025-10-02 03h38.06.095139 +0530
186,0,186,[np.float64(0.3398148148148148)],[np.float64(0.030555555555555555)],[1],[0],[0],[1.9425430999981472],['target'],186,0,186,0,379.159825,,10,379.1521923,379.159825,379.159825,0.0234593,381.094851,[np.float64(0.3398148148148148)],[np.float64(0.030555555555555555)],[1],[0],[0],[1.9425430999981472],['target'],981210,1,2025-10-02_03h38.00.805,untitled,,2025.1.1,60.0824331,2025-10-02 03h38.06.095139 +0530
187,0,187,[np.float64(0.12407407407407407)],[np.float64(0.2712962962962963)],[1],[0],[0],[3.138106800004607],['target'],187,0,187,0,381.1292231,,10,381.1220491,381.1292231,381.1292231,0.0269523,384.260325,[np.float64(0.12407407407407407)],[np.float64(0.2712962962962963)],[1],[0],[0],[3.138106800004607],['target'],981210,1,2025-10-02_03h38.00.805,untitled,,2025.1.1,60.0824331,2025-10-02 03h38.06.095139 +0530
188,0,188,[np.float64(-0.46944444444444444)],[np.float64(-0.022222222222222223)],[1],[0],[0],[1.7973994000058156],['target'],188,0,188,0,384.2859445,,5,384.2788831,384.2859445,384.2859445,0.0181078,386.0764919,[np.float64(-0.46944444444444444)],[np.float64(-0.022222222222222223)],[1],[0],[0],[1.7973994000058156],['target'],981210,1,2025-10-02_03h38.00.805,untitled,,2025.1.1,60.0824331,2025-10-02 03h38.06.095139 +0530
189,0,189,"[np.float64(-0.4935185185185185), np.float64(-0.4935185185185185), np.float64(-0.487962962962963)]","[np.float64(-0.39537037037037037), np.float64(-0.39537037037037037), np.float64(-0.39814814814814814)]","[1, 1, 1]","[0, 0, 0]","[0, 0, 0]","[1.5196362999995472, 2.337590299997828, 3.185094399988884]","[None, None, 'target']",189,0,189,0,386.1123347,,10,386.1053618,386.1123347,386.1123347,0.0285822,389.2904922,"[np.float64(-0.4935185185185185), np.float64(-0.4935185185185185), np.float64(-0.487962962962963)]","[np.float64(-0.39537037037037037), np.float64(-0.39537037037037037), np.float64(-0.39814814814814814)]","[1, 1, 1]","[0, 0, 0]","[0, 0, 0]","[1.5196362999995472, 2.337590299997828, 3.185094399988884]","[None, None, 'target']",981210,1,2025-10-02_03h38.00.805,untitled,,2025.1.1,60.0824331,2025-10-02 03h38.06.095139 +0530
190,0,190,[np.float64(0.35)],[np.float64(-0.2388888888888889)],[1],[0],[0],[1.8474271000013687],['target'],190,0,190,0,389.3189356,,10,389.312009,389.3189356,389.3189356,0.0214253,391.1595482,[np.float64(0.35)],[np.float64(-0.2388888888888889)],[1],[0],[0],[1.8474271000013687],['target'],981210,1,2025-10-02_03h38.00.805,untitled,,2025.1.1,60.0824331,2025-10-02 03h38.06.095139 +0530
191,0,191,[np.float64(-0.20185185185185187)],[np.float64(0.40925925925925927)],[1],[0],[0],[2.0186785999976564],['target'],191,0,191,0,391.1794108,,5,391.1739413,391.1794108,391.1794108,0.0141876,393.1927334,[np.float64(-0.20185185185185187)],[np.float64(0.40925925925925927)],[1],[0],[0],[2.0186785999976564],['target'],981210,1,2025-10-02_03h38.00.805,untitled,,2025.1.1,60.0824331,2025-10-02 03h38.06.095139 +0530
192,0,192,[np.float64(0.000925925925925926)],[np.float64(0.08981481481481482)],[1],[0],[0],[1.3085719999944558],['target'],192,0,192,0,393.2226561,,10,393.2156396,393.2226561,393.2226561,0.022701,394.5243772,[np.float64(0.000925925925925926)],[np.float64(0.08981481481481482)],[1],[0],[0],[1.3085719999944558],['target'],981210,1,2025-10-02_03h38.00.805,untitled,,2025.1.1,60.0824331,2025-10-02 03h38.06.095139 +0530
193,0,193,[np.float64(-0.15462962962962962)],[np.float64(0.28703703703703703)],[1],[0],[0],[1.5518797999975504],['target'],193,0,193,0,394.5488217,,5,394.5418159,394.5488217,394.5488217,0.0171245,396.0937736,[np.float64(-0.15462962962962962)],[np.float64(0.28703703703703703)],[1],[0],[0],[1.5518797999975504],['target'],981210,1,2025-10-02_03h38.00.805,untitled,,2025.1.1,60.0824331,2025-10-02 03h38.06.095139 +0530
194,0,194,[np.float64(-0.05555555555555555)],[np.float64(0.2351851851851852)],[1],[0],[0],[1.18972070000018],['target'],194,0,194,0,396.1262544,,10,396.1192221,396.1262544,396.1262544,0.025218,397.3090539,[np.float64(-0.05555555555555555)],[np.float64(0.2351851851851852)],[1],[0],[0],[1.18972070000018],['target'],981210,1,2025-10-02_03h38.00.805,untitled,,2025.1.1,60.0824331,2025-10-02 03h38.06.095139 +0530
195,0,195,[np.float64(0.39537037037037037)],[np.float64(0.2824074074074074)],[1],[0],[0],[2.228025999997044],['target'],195,0,195,0,397.3374577,,10,397.3302198,397.3374577,397.3374577,0.020933,399.5583792,[np.float64(0.39537037037037037)],[np.float64(0.2824074074074074)],[1],[0],[0],[2.228025999997044],['target'],981210,1,2025-10-02_03h38.00.805,untitled,,2025.1.1,60.0824331,2025-10-02 03h38.06.095139 +0530
196,0,196,[np.float64(-0.10925925925925926)],[np.float64(0.15925925925925927)],[1],[0],[0],[1.3434347000002163],['target'],196,0,196,0,399.5898466,,10,399.5825896,399.5898466,399.5898466,0.0239425,400.9261487,[np.float64(-0.10925925925925926)],[np.float64(0.15925925925925927)],[1],[0],[0],[1.3434347000002163],['target'],981210,1,2025-10-02_03h38.00.805,untitled,,2025.1.1,60.0824331,2025-10-02 03h38.06.095139 +0530
197,0,197,"[np.float64(-0.40370370370370373), np.float64(-0.3962962962962963)]","[np.float64(-0.4703703703703704), np.float64(-0.48333333333333334)]","[1, 1]","[0, 0]","[0, 0]","[2.5391688000090653, 3.5370089000061853]","[None, 'target']",197,0,197,0,400.9617947,,10,400.9526499,400.9617947,400.9617947,0.0262477,404.4898493,"[np.float64(-0.40370370370370373), np.float64(-0.3962962962962963)]","[np.float64(-0.4703703703703704), np.float64(-0.48333333333333334)]","[1, 1]","[0, 0]","[0, 0]","[2.5391688000090653, 3.5370089000061853]","[None, 'target']",981210,1,2025-10-02_03h38.00.805,untitled,,2025.1.1,60.0824331,2025-10-02 03h38.06.095139 +0530
198,0,198,[np.float64(0.4842592592592593)],[np.float64(-0.3685185185185185)],[1],[0],[0],[2.1995505999948364],['target'],198,0,198,0,404.5123679,,5,404.5070376,404.5123679,404.5123679,0.016807,406.7067137,[np.float64(0.4842592592592593)],[np.float64(-0.3685185185185185)],[1],[0],[0],[2.1995505999948364],['target'],981210,1,2025-10-02_03h38.00.805,untitled,,2025.1.1,60.0824331,2025-10-02 03h38.06.095139 +0530
199,0,199,[np.float64(-0.2833333333333333)],[np.float64(0.33240740740740743)],[1],[0],[0],[1.7856516999891028],['target'],199,0,199,0,406.7485853,,10,406.7397644,406.7485853,406.7485853,0.032853,408.5255828,[np.float64(-0.2833333333333333)],[np.float64(0.33240740740740743)],[1],[0],[0],[1.7856516999891028],['target'],981210,1,2025-10-02_03h38.00.805,untitled,,2025.1.1,60.0824331,2025-10-02 03h38.06.095139 +0530
